1	City SPAR	47.5101	19.0092	3	10	Pest	1026	Budapest	2	Szilágyi Erzsébet fasor 63	+3620-823-7768	info@spar.hu	http://www.spar.hu	0	2015-03-19 13:11:57
2	SPAR Szupermarket	47.5732	19.0494	1	11	Pest	1031	Budapest	3	Monostori út 3	+3620-823-7769	info@spar.hu	http://www.spar.hu	31	2015-03-19 13:11:57
3	SPAR Szupermarket	47.5571	19.0446	1	13	Pest	1033	Budapest	3	Köles utca 1	+3620-823-7770	info@spar.hu	http://www.spar.hu	20	2015-03-19 13:11:57
4	SPAR Szupermarket	47.5376	19.0407	1	14	Pest	1036	Budapest	3	Pacsirtamező utca 49	+3620-823-7765	info@spar.hu	http://www.spar.hu	0	2015-03-19 13:11:57
5	SPAR Szupermarket	47.5979	19.049	1	15	Pest	1039	Budapest	3	Viziorgona utca 5	+3620-823-7766	info@spar.hu	http://www.spar.hu	0	2015-03-19 13:11:57
6	SPAR Szupermarket	47.5647	19.1002	1	16	Pest	1041	Budapest	4	Rózsa utca 77	+3620-823-7767	info@spar.hu	http://www.spar.hu	0	2015-03-19 13:11:57
7	SPAR Szupermarket	47.5607	19.0896	1	17	Pest	1042	Budapest	4	István út 10	+3620-823-7762	info@spar.hu	http://www.spar.hu	0	2015-03-19 13:11:57
8	SPAR Szupermarket	47.562	19.1064	1	19	Pest	1045	Budapest	4	Árpád út 183-185	+3620-823-7763	info@spar.hu	http://www.spar.hu	0	2015-03-19 13:11:57
9	SPAR Szupermarket	47.5849	19.116	1	20	Pest	1048	Budapest	4	Külső-Szilágyi út 46	+3620-823-7764	info@spar.hu	http://www.spar.hu	29	2015-03-19 13:11:57
10	SPAR Szupermarket	47.4998	19.0689	1	21	Pest	1073	Budapest	7	Erzsébet körút 24	+3620-823-7759	info@spar.hu	http://www.spar.hu	0	2015-03-19 13:11:57
11	SPAR Szupermarket	47.4873	19.0806	1	22	Pest	1083	Budapest	8	Szigony utca 12	+3620-823-7760	info@spar.hu	http://www.spar.hu	0	2015-03-19 13:11:57
12	SPAR Szupermarket	47.4926	19.073	1	23	Pest	1084	Budapest	8	Rákóczi tér 7-8	+3620-823-7761	info@spar.hu	http://www.spar.hu	0	2015-04-12 01:42:17
13	City SPAR	47.4854	19.0648	3	24	Pest	1092	Budapest	9	Ráday utca 32	+3620-823-7756	info@spar.hu	http://www.spar.hu	0	2015-03-19 13:11:57	24	
14	SPAR Szupermarket	47.4828	19.1289	1	25	Pest	1102	Budapest	10	Liget tér 1	+3620-823-7757	info@spar.hu	http://www.spar.hu	10	2015-06-01 17:52:06
15	SPAR Szupermarket	47.4836	19.1286	1	26	Pest	1102	Budapest	10	Liget tér 5	+3620-823-7758	info@spar.hu	http://www.spar.hu	0	2015-03-19 13:11:57
16	SPAR Szupermarket	47.4886	19.1355	1	27	Pest	1102	Budapest	10	Kőrösi Csoma Sándor utca 35-37	+3620-823-7778	info@spar.hu	http://www.spar.hu	0	2015-03-19 13:11:57
17	SPAR Szupermarket	47.4684	19.16	1	28	Pest	1108	Budapest	10	Újhegyi sétány 3-5	+3620-823-7779	info@spar.hu	http://www.spar.hu	0	2015-03-20 10:01:35
18	SPAR Szupermarket	47.4485	19.007	1	29	Pest	1112	Budapest	11	Péterhegyi lejtő 36	+3620-823-7780	info@spar.hu	http://www.spar.hu	63	2015-03-19 13:11:57
19	SPAR Szupermarket	47.4634	19.0289	1	30	Pest	1115	Budapest	11	Etele út 58-60	+3620-823-7776	info@spar.hu	http://www.spar.hu	0	2015-03-19 13:11:57
20	SPAR Szupermarket	47.4739	19.0546	1	32	Pest	1117	Budapest	11	Irinyi József utca 34	+3620-823-7815	info@spar.hu	http://www.spar.hu	0	2015-03-19 13:11:57
21	SPAR Szupermarket	47.4562	19.0387	1	34	Pest	1119	Budapest	11	Andor utca 1	+3620-823-7867	info@spar.hu	http://www.spar.hu	15	2015-03-19 13:11:57
22	SPAR Szupermarket	47.4679	19.0335	1	35	Pest	1119	Budapest	11	Tétényi út 31	+3620-823-7816	info@spar.hu	http://www.spar.hu	0	2015-03-19 13:11:57
23	SPAR Szupermarket	47.5496	19.0773	1	36	Pest	1131	Budapest	13	Gyöngyösi sétány 2	+3620-823-7818	info@spar.hu	http://www.spar.hu	0	2015-03-19 13:11:57
25	SPAR Szupermarket	47.5313	19.082	1	38	Pest	1139	Budapest	13	Országbíró út 38-42	+3620-823-7782	info@spar.hu	http://www.spar.hu	23	2015-03-20 10:02:25
26	SPAR Szupermarket	47.5227	19.1017	1	39	Pest	1149	Budapest	14	Nagy Lajos király útja 191	+3620-823-7783	info@spar.hu	http://www.spar.hu	0	2015-03-20 10:02:35
27	SPAR Szupermarket	47.509	19.1492	1	40	Pest	1144	Budapest	14	Szentmihályi út 23	+3620-823-7784	info@spar.hu	http://www.spar.hu	0	2015-03-19 13:11:57
28	SPAR Szupermarket	47.5064	19.1461	1	41	Pest	1144	Budapest	14	Ond vezér útja 34	+3620-823-7785	info@spar.hu	http://www.spar.hu	0	2015-03-19 13:11:57
29	SPAR Szupermarket	47.5102	19.1434	1	42	Pest	1144	Budapest	14	Vezér út 39-41	+3620-823-7786	info@spar.hu	http://www.spar.hu	0	2015-03-19 13:11:57
30	SPAR Szupermarket	47.5456	19.1396	1	43	Pest	1156	Budapest	15	Nyírpalota út 54	+3620-823-7787	info@spar.hu	http://www.spar.hu	0	2015-03-19 13:11:57
31	SPAR Szupermarket	47.5386	19.136	1	44	Pest	1156	Budapest	15	Nyírpalota utca 2-4.	+3620-823-7788	info@spar.hu	http://www.spar.hu	0	2015-03-20 10:03:27
32	SPAR Szupermarket	47.5089	19.1803	1	45	Pest	1163	Budapest	16	Veres Péter utca 47	+3620-823-7789	info@spar.hu	http://www.spar.hu	10	2015-03-19 13:11:57
33	SPAR Szupermarket	47.521	19.1867	1	46	Pest	1165	Budapest	16	Arany János utca 102	+3620-823-7771	info@spar.hu	http://www.spar.hu	52	2015-03-19 13:11:57
34	SPAR Szupermarket	47.4795	19.2551	1	47	Pest	1173	Budapest	17	Pesti út 169	+3620-823-7772	info@spar.hu	http://www.spar.hu	0	2015-09-07 09:22:00
35	SPAR Szupermarket	47.4801	19.2439	1	48	Pest	1173	Budapest	17	Bakancsos utca 5	+3620-823-7773	info@spar.hu	http://www.spar.hu	25	2015-03-19 13:11:57
36	SPAR Szupermarket	47.4755	19.2664	1	49	Pest	1173	Budapest	17	Maroshévíz utca 1	+3620-823-7774	info@spar.hu	http://www.spar.hu	70	2015-03-19 13:11:57
37	SPAR Szupermarket	47.4411	19.1693	1	50	Pest	1181	Budapest	18	Kondor Béla sétány 2	+3620-823-7775	info@spar.hu	http://www.spar.hu	0	2015-03-19 13:11:57
38	SPAR Szupermarket	47.4346	19.1722	1	51	Pest	1181	Budapest	18	Darus utca 5	+3620-823-7790	info@spar.hu	http://www.spar.hu	12	2015-03-19 13:11:57
39	SPAR Szupermarket	47.4291	19.2175	1	52	Pest	1182	Budapest	18	Üllői út 753	+3620-823-7791	info@spar.hu	http://www.spar.hu	0	2015-03-19 13:11:57
40	SPAR Szupermarket	47.4047	19.1875	1	53	Pest	1188	Budapest	18	Nemes utca 7	+3620-823-7792	info@spar.hu	http://www.spar.hu	10	2015-03-19 13:11:57
41	SPAR Szupermarket	47.4472	19.1906	1	54	Pest	1183	Budapest	18	Nefelejcs utca 89	+3620-823-7793	info@spar.hu	http://www.spar.hu	90	2015-06-01 17:52:38
42	SPAR Szupermarket	47.4579	19.1429	1	56	Pest	1191	Budapest	19	Üllői út 257	+3620-823-7795	info@spar.hu	http://www.spar.hu	40	2015-03-19 13:11:57
43	SPAR Szupermarket	47.433	19.1044	1	57	Pest	1201	Budapest	20	Nagysándor József utca 19	+3620-823-7796	info@spar.hu	http://www.spar.hu	30	2015-03-19 13:11:57
44	SPAR Szupermarket	47.4349	19.0712	1	58	Pest	1211	Budapest	21	Kossuth Lajos utca 22	+3620-823-7797	info@spar.hu	http://www.spar.hu	8	2015-03-19 13:11:57
45	SPAR Szupermarket	47.4225	19.0868	1	59	Pest	1212	Budapest	21	Kikötő utca 8	+3620-823-7798	info@spar.hu	http://www.spar.hu	32	2015-03-19 13:11:57
46	SPAR Szupermarket	47.4112	19.0606	1	60	Pest	1214	Budapest	21	Szabadság utca 20	+3620-823-7800	info@spar.hu	http://www.spar.hu	0	2015-03-19 13:11:57
47	SPAR Szupermarket	47.4081	19.0722	1	61	Pest	1214	Budapest	21	Csikó sétány 2	+3620-823-7806	info@spar.hu	http://www.spar.hu	30	2015-03-19 13:11:57
48	SPAR Szupermarket	47.4255	19.039	1	62	Pest	1221	Budapest	22	Kossuth Lajos utca 41	+3620-823-7966	info@spar.hu	http://www.spar.hu	0	2015-03-19 13:11:57
49	SPAR Szupermarket	47.5457	19.0328	1	63	Pest	1032	Budapest	3	Vörösvári út 98	+3620-823-7967	info@spar.hu	http://www.spar.hu	0	2015-03-19 13:11:57
51	SPAR Szupermarket	47.6795	19.0798	1	65	Pest	2000	Szentendre	0	Ady Endre utca 24	+3620-823-7969	info@spar.hu	http://www.spar.hu	83	2015-03-19 13:11:57
52	SPAR Szupermarket	47.396	18.9113	1	66	Pest	2030	Érd	0	Tárnoki út 87	+3620-823-7970	info@spar.hu	http://www.spar.hu	63	2015-03-19 13:11:57
53	SPAR Szupermarket	47.3781	18.921	1	67	Pest	2030	Érd	0	Budai út 13	+3620-823-7971	info@spar.hu	http://www.spar.hu	0	2015-03-19 13:11:57
54	SPAR Szupermarket	47.5163	18.9229	1	69	Pest	2092	Budakeszi	0	Márity László út 20	+3620-823-7973	info@spar.hu	http://www.spar.hu	25	2015-03-19 13:11:57
55	SPAR Szupermarket	47.5986	19.344	1	71	Pest	2100	Gödöllő	0	Kossuth utca 46-48	+3620-823-7974	info@spar.hu	http://www.spar.hu	44	2015-03-19 13:11:57
56	SPAR Szupermarket	47.649	19.2937	1	72	Pest	2112	Veresegyház	0	Gödöllői út 2/a	+3620-823-7975	info@spar.hu	http://www.spar.hu	60	2015-03-19 13:11:57
57	SPAR Szupermarket	47.638	19.1285	1	73	Pest	2120	Dunakeszi	0	Barátság útja 5221/1	+3620-823-7976	info@spar.hu	http://www.spar.hu	100	2015-03-20 10:04:53
58	SPAR Szupermarket	47.7041	19.1361	1	74	Pest	2131	Göd	0	Pesti út 176	+3620-823-7977	info@spar.hu	http://www.spar.hu	102	2015-03-19 13:11:57
59	SPAR Szupermarket	47.3492	19.4361	1	75	Pest	2200	Monor	0	Ady Endre utca 57-59	+3620-823-7978	info@spar.hu	http://www.spar.hu	80	2015-03-19 13:11:57
60	SPAR Szupermarket	47.4143	19.403	1	76	Pest	2230	Gyömrő	0	Kossuth út 41/a	+3620-823-7979	info@spar.hu	http://www.spar.hu	72	2015-03-19 13:11:57
61	SPAR Szupermarket	47.3511	19.0812	1	79	Pest	2330	Dunaharaszti	0	Fő út 186	+3620-823-7982	info@spar.hu	http://www.spar.hu	65	2015-03-19 13:11:57
62	SPAR Szupermarket	47.1811	19.0013	1	80	Pest	2340	Kiskunlacháza	0	Dózsa György utca 168	+3620-823-7983	info@spar.hu	http://www.spar.hu	46	2015-03-19 13:11:57
63	SPAR Szupermarket	47.3817	19.2134	1	82	Pest	2360	Gyál	0	Déryné utca 1-3.	+3620-823-7984	info@spar.hu	http://www.spar.hu	30	2015-03-20 10:05:34
64	SPAR partner	47.3135	18.9035	4	83	Pest	2440	Százhalombatta	0	Piac tér B/1	+3620-823-7985	info@spar.hu	http://www.spar.hu	0	2015-07-29 14:26:00
65	SPAR Szupermarket	47.7958	19.1319	1	84	Pest	2600	Vác	0	Gombási út 7	+3620-823-7927	info@spar.hu	http://www.spar.hu	75	2015-03-19 13:11:57
66	SPAR Szupermarket	47.1883	20.0026	1	85	Pest	2740	Abony	0	Ceglédi út 8	+3620-823-7928	info@spar.hu	http://www.spar.hu	76	2015-03-19 13:11:57
68	SPAR Szupermarket	47.4623	19.0161	1	101	Pest	1112	Budapest	11	Balatoni út 000853/15. hrsz. (Kérő utca 1.)	+3620-823-7101	info@spar.hu	http://www.spar.hu	33	2015-03-20 10:15:53
69	SPAR Szupermarket	47.4598	19.1426	1	102	Pest	1191	Budapest	19	Eötvös utca 5	+3620-823-7102	info@spar.hu	http://www.spar.hu	35	2015-06-01 17:53:15
70	SPAR Szupermarket	47.4408	19.0958	1	103	Pest	1203	Budapest	20	Baross utca 5	+3620-823-7103	info@spar.hu	http://www.spar.hu	10	2015-03-19 13:11:57
71	SPAR Szupermarket	47.5437	19.121	1	104	Pest	1155	Budapest	15	Vasutastelep u. 4.	+3620-823-7104	info@spar.hu	http://www.spar.hu	1	2015-03-20 10:17:59
72	SPAR Szupermarket	47.5572	19.0997	1	105	Pest	1045	Budapest	4	Rózsa utca 18	+3620-823-7105	info@spar.hu	http://www.spar.hu	0	2015-03-20 10:18:17
73	SPAR Szupermarket	47.5988	19.0521	1	106	Pest	1038	Budapest	3	Csobánka tér 3	+3620-823-7106	info@spar.hu	http://www.spar.hu	0	2015-03-20 10:18:39
74	SPAR Szupermarket	47.5868	19.1125	1	107	Pest	1048	Budapest	4	Kordován tér 12	+3620-823-7107	info@spar.hu	http://www.spar.hu	2	2015-09-17 08:39:04
75	SPAR Szupermarket	47.4179	19.0655	1	108	Pest	1214	Budapest	21	Zrínyi út 1	+3620-823-7108	info@spar.hu	http://www.spar.hu	60	2015-03-19 13:11:57
76	SPAR Szupermarket	47.4621	19.1153	1	109	Pest	1098	Budapest	9	Lobogó u. 14. (Napfény utca 10.)	+3620-823-7109	info@spar.hu	http://www.spar.hu	16	2015-03-20 10:20:41
77	SPAR Szupermarket	47.5063	19.038	1	110	Pest	1011	Budapest	1	Batthyány tér 5-6	+3620-823-7110	info@spar.hu	http://www.spar.hu	2	2015-04-29 10:54:54
78	City SPAR	47.4775	19.046	3	113	Pest	1114	Budapest	11	Bartók Béla út 51	+3620-823-7113	info@spar.hu	http://www.spar.hu	0	2015-03-19 13:11:57	113
79	City SPAR	47.5008	19.0688	3	114	Pest	1073	Budapest	7	Erzsébet körút 27	+3620-823-7114	info@spar.hu	http://www.spar.hu	0	2015-03-19 13:11:57	114
80	SPAR Szupermarket	47.4397	19.1863	1	115	Pest	1185	Budapest	18	Üllői út 525	+3620-823-7115	info@spar.hu	http://www.spar.hu	7	2015-03-20 10:21:38
81	SPAR Szupermarket	47.4634	19.0423	1	116	Pest	1119	Budapest	11	Fehérvári út 97-99	+3620-823-7116	info@spar.hu	http://www.spar.hu	0	2015-03-19 13:11:57
82	SPAR Szupermarket	47.455	19.1516	1	117	Pest	1193	Budapest	19	Üllői út 248	+3620-823-7117	info@spar.hu	http://www.spar.hu	0	2015-03-20 10:23:02
83	SPAR Szupermarket	47.4072	19.0068	1	118	Pest	1225	Budapest	22	Rákóczi út 20/a	+3620-823-7118	info@spar.hu	http://www.spar.hu	13	2015-03-20 10:23:21
84	City SPAR	47.4952	19.0647	3	119	Pest	1088	Budapest	8	Rákóczi út 19	+3620-823-7119	info@spar.hu	http://www.spar.hu	0	2015-03-19 13:11:57	119
85	City SPAR	47.4918	19.0166	3	120	Pest	1126	Budapest	12	Böszörményi út 38/b	+3620-823-7120	info@spar.hu	http://www.spar.hu	0	2015-03-19 13:11:57	120
86	SPAR Szupermarket	47.5035	19.0651	1	121	Pest	1066	Budapest	6	Teréz körút 2	+3620-823-7121	info@spar.hu	http://www.spar.hu	0	2015-04-29 10:55:14
87	City SPAR	47.5016	19.0835	3	123	Pest	1076	Budapest	7	Thököly út 8	+3620-823-7123	info@spar.hu	http://www.spar.hu	0	2015-03-19 13:11:57	123
88	SPAR Szupermarket	47.5115	19.0523	1	124	Pest	1055	Budapest	5	Szent István körút 17	+3620-823-7124	info@spar.hu	http://www.spar.hu	0	2015-04-29 10:56:22
89	SPAR Szupermarket	47.5354	19.1334	1	126	Pest	1158	Budapest	15	Drégelyvár utca 57-63	+3620-823-7126	info@spar.hu	http://www.spar.hu	7	2015-03-19 13:11:57
90	SPAR Szupermarket	47.536	19.0678	1	128	Pest	1138	Budapest	13	Váci út 138/a	+3620-823-7128	info@spar.hu	http://www.spar.hu	30	2015-03-19 13:11:57
91	SPAR Szupermarket	47.48	19.0719	1	129	Pest	1095	Budapest	9	Mester utca 30-32	+3620-823-7129	info@spar.hu	http://www.spar.hu	10	2015-03-19 13:11:57
92	SPAR Szupermarket	47.6154	18.8989	1	130	Pest	2085	Pilisvörösvár	0	Fő utca 157	+3620-823-7130	info@spar.hu	http://www.spar.hu	35	2015-03-19 13:11:57
93	SPAR Szupermarket	47.3866	18.925	1	131	Pest	2030	Érd	0	Diósdi utca 46	+3620-823-7131	info@spar.hu	http://www.spar.hu	39	2015-03-19 13:11:57
94	SPAR Szupermarket	47.4164	19.2078	1	132	Pest	1182	Budapest	18	Alacska út 3	+3620-823-7132	info@spar.hu	http://www.spar.hu	73	2015-03-20 10:23:46
95	SPAR Szupermarket	47.5412	19.1518	1	134	Pest	1157	Budapest	15	Erdőkerülő utca 47	+3620-823-7134	info@spar.hu	http://www.spar.hu	110	2015-03-19 13:11:57
96	SPAR Szupermarket	47.4789	19.0677	1	135	Pest	1095	Budapest	9	Soroksári út 1	+3620-823-7135	info@spar.hu	http://www.spar.hu	80	2015-03-19 13:11:57
97	SPAR Szupermarket	47.5549	19.0953	1	136	Pest	1045	Budapest	4	Nap utca 16	+3620-823-7136	info@spar.hu	http://www.spar.hu	70	2015-03-19 13:11:57
98	SPAR Szupermarket	47.5935	19.1191	1	137	Pest	1048	Budapest	4	Megyeri út 236	+3620-823-7137	info@spar.hu	http://www.spar.hu	76	2015-03-19 13:11:57
99	SPAR Szupermarket	47.5194	19.1262	1	140	Pest	1146	Budapest	14	Egressy út 178/c	+3620-823-7140	info@spar.hu	http://www.spar.hu	18	2015-03-20 10:24:02
100	SPAR Szupermarket	47.3304	19.0042	1	146	Pest	2315	Szigethalom	0	Mű út hrsz. 2340	+3620-823-7146	info@spar.hu	http://www.spar.hu	36	2015-03-20 10:25:00	146
101	SPAR Szupermarket	47.4978	19.2712	1	148	Pest	1172	Budapest	17	Jászapáti u. 71-75. (Naplás utca 62-68.)	+3620-823-7538	info@spar.hu	http://www.spar.hu	45	2015-03-20 10:26:59
102	SPAR Szupermarket	47.4483	19.3617	1	149	Pest	2234	Maglód	0	Damjanich utca 29	+3620-823-7149	info@spar.hu	http://www.spar.hu	50	2015-03-19 13:11:57
103	SPAR Szupermarket	47.6323	19.1549	1	152	Pest	2120	Dunakeszi	0	Toldi utca 1	+3620-823-7286	info@spar.hu	http://www.spar.hu	43	2015-03-19 13:11:57
104	SPAR Szupermarket	47.3209	18.9016	1	159	Pest	2440	Százhalombatta	0	Vörösmarty Mihály utca 2/a	+3620-823-7491	info@spar.hu	http://www.spar.hu	122	2015-03-20 10:27:19
105	SPAR Szupermarket	47.3667	18.9928	1	162	Pest	2314	Halásztelek	0	II. Rákóczi Ferenc utca 94-96	+3620-823-7288	info@spar.hu	http://www.spar.hu	70	2015-09-04 10:40:26
106	SPAR Szupermarket	47.4908	19.0239	1	170	Pest	1123	Budapest	12	Alkotás utca 53	+3620-823-7821	info@spar.hu	http://www.spar.hu	0	2015-03-19 13:11:57
107	SPAR Szupermarket	47.5975	18.9274	1	175	Pest	2083	Solymár	0	Terstyánszky Ödön utca 102	+3620-823-7175	info@spar.hu	http://www.spar.hu	107	2015-03-19 13:11:57	175
108	SPAR Szupermarket	47.5869	19.3721	1	180	Pest	2100	Gödöllő	0	Köztársaság út 85	+3620-823-7490	info@spar.hu	http://www.spar.hu	220	2015-03-19 13:11:57
109	SPAR Szupermarket	47.2929	19.3741	1	181	Pest	2364	Ócsa	0	Szabadság tér 1	+3620-823-7289	info@spar.hu	http://www.spar.hu	84	2015-03-19 13:11:57
110	SPAR Szupermarket	47.6457	19.0206	1	185	Pest	2013	Pomáz	0	Huszár utca 25	+3620-823-8062	info@spar.hu	http://www.spar.hu	123	2015-03-19 13:11:57
111	SPAR Szupermarket	47.101	17.913	1	201	Veszprém	8200	Veszprém	0	Jutasi út 18	+3620-823-7201	info@spar.hu	http://www.spar.hu	120	2015-03-19 13:11:57
112	SPAR Szupermarket	46.8854	17.4488	1	202	Veszprém	8300	Tapolca	0	Juhász Gyula út -	+3620-823-7202	info@spar.hu	http://www.spar.hu	60	2015-04-30 10:01:17
113	SPAR Szupermarket	47.0095	16.6032	1	204	Vas	9900	Körmend	0	Bástya utca 5	+3620-823-7204	info@spar.hu	http://www.spar.hu	49	2015-06-01 17:55:32
114	SPAR Szupermarket	47.2302	16.6191	1	206	Vas	9700	Szombathely	0	Hefele Menyhért utca 3-5.	+3620-823-7206	info@spar.hu	http://www.spar.hu	4	2015-03-20 10:28:50
115	SPAR Szupermarket	46.7598	17.2385	1	207	Zala	8360	Keszthely	0	Bercsényi Miklós utca 65/a	+3620-823-7207	info@spar.hu	http://www.spar.hu	68	2015-03-20 10:29:08
116	SPAR Szupermarket	47.2541	17.1535	1	208	Vas	9500	Celldömölk	0	Sági utca 22.	+3620-823-7208	info@spar.hu	http://www.spar.hu	40	2015-03-20 10:29:33
117	SPAR Szupermarket	47.094	17.9109	1	209	Veszprém	8200	Veszprém	0	Cserhát lakótelep 6	+3620-823-7209	info@spar.hu	http://www.spar.hu	1	2015-03-19 13:11:57
118	SPAR Szupermarket	47.0911	17.925	1	210	Veszprém	8200	Veszprém	0	Cholnoky Jenő utca hrsz. 4273/66.	+3620-823-7210	info@spar.hu	http://www.spar.hu	25	2015-03-20 10:30:06
119	SPAR Szupermarket	47.2543	16.9295	1	213	Vas	9600	Sárvár	0	Laktanya utca 32-44.	+3620-823-7213	info@spar.hu	http://www.spar.hu	84	2015-03-20 10:30:28
120	SPAR Szupermarket	47.2322	16.627	1	214	Vas	9700	Szombathely	0	Szent Márton utca 21	+3620-823-7214	info@spar.hu	http://www.spar.hu	44	2015-03-19 13:11:57
121	SPAR Szupermarket	47.1082	17.5509	1	216	Veszprémm	8400	Ajka	0	Ifjúság utca 9	+3620-823-8070	info@spar.hu	http://www.spar.hu	104	2015-03-19 13:11:57
122	SPAR Szupermarket	47.1846	18.4076	1	221	Fejér	8000	Székesfehérvár	0	Balatoni út 5531/47 (Bakony u. 1.)	+3620-823-7221	info@spar.hu	http://www.spar.hu	59	2015-03-20 10:31:21
123	SPAR Szupermarket	47.1865	18.4043	1	222	Fejér	8000	Székesfehérvár/Palotaváros	0	Selyem utca 41	+3620-823-7222	info@spar.hu	http://www.spar.hu	18	2015-03-20 10:31:39
124	SPAR Szupermarket	47.4915	18.6355	1	223	Fejér	2060	Bicske	0	Kossuth tér -	+3620-823-7223	info@spar.hu	http://www.spar.hu	40	2015-03-19 13:11:57
125	SPAR Szupermarket	46.806	18.9243	1	225	Tolna	7020	Dunaföldvár	0	Béke tér 7	+3620-823-7225	info@spar.hu	http://www.spar.hu	36	2015-03-19 13:11:57
126	SPAR Szupermarket	47.2092	18.6325	1	226	Fejér	2483	Gárdony	0	Szabadság utca 2392/1	+3620-823-7226	info@spar.hu	http://www.spar.hu	65	2015-06-02 16:00:27
127	SPAR Szupermarket	46.962	17.8788	1	228	Veszprém	8230	Balatonfüred	0	Arácsi út 15	+3620-823-7228	info@spar.hu	http://www.spar.hu	94	2015-06-15 11:08:42
128	SPAR Szupermarket	46.9605	18.9446	1	230	Fejér	2400	Dunaújváros	0	Vasmű út 4/a	+3620-823-7230	info@spar.hu	http://www.spar.hu	16	2015-03-19 13:11:57
129	SPAR Szupermarket	46.9626	18.9341	1	260	Fejér	2400	Dunaújváros	0	Dózsa György utca 56	+3620-823-7915	info@spar.hu	http://www.spar.hu	0	2015-03-19 13:11:57
131	SPAR Szupermarket	47.2134	18.6406	1	262	Fejér	2483	Gárdony	0	Balatoni út 70/10	+3620-823-7932	info@spar.hu	http://www.spar.hu	90	2015-03-19 13:11:57
133	SPAR Szupermarket	47.1931	18.4261	1	264	Fejér	8000	Székesfehérvár	0	Vizivárosi lakótelep -	+3620-823-7934	info@spar.hu	http://www.spar.hu	0	2015-03-19 13:11:57
134	SPAR Szupermarket	47.1949	18.4007	1	265	Fejér	8000	Székesfehérvár	0	Palotai út út 58	+3620-823-7935	info@spar.hu	http://www.spar.hu	80	2015-03-19 13:11:57
135	SPAR Szupermarket	47.205	18.4431	1	267	Fejér	8000	Székesfehérvár	0	Pozsonyi út 10	+3620-823-7916	info@spar.hu	http://www.spar.hu	92	2015-03-19 13:11:57
138	SPAR Szupermarket	47.2387	16.6056	1	272	Vas	9700	Szombathely	0	Szűrcsapó utca 23	+3620-823-7922	info@spar.hu	http://www.spar.hu	0	2015-03-19 13:11:57
139	SPAR Szupermarket	47.2414	16.6233	1	273	Vas	9700	Szombathely	0	11-es Huszár út 39-45	+3620-823-7923	info@spar.hu	http://www.spar.hu	88	2015-03-19 13:11:57
140	SPAR Szupermarket	47.383	16.549	1	274	Vas	9730	Kőszeg	0	Rákóczi Ferenc utca 80-82	+3620-823-7924	info@spar.hu	http://www.spar.hu	56	2015-03-19 13:11:57
141	SPAR Szupermarket	47.0571	16.8076	1	275	Vas	9800	Vasvár	0	Alkotmány utca 95	+3620-823-7925	info@spar.hu	http://www.spar.hu	70	2015-03-19 13:11:57
142	SPAR Szupermarket	47.0111	16.6056	1	276	Vas	9900	Körmend	0	Rákóczi út 2/c	+3620-823-7006	info@spar.hu	http://www.spar.hu	110	2015-03-20 10:31:53
143	SPAR Szupermarket	46.955	16.2702	1	277	Vas	9970	Szentgotthárd	0	Hunyadi út 21	+3620-823-7007	info@spar.hu	http://www.spar.hu	0	2015-06-01 17:56:37
144	SPAR Szupermarket	47.1986	18.1413	1	278	Veszprém	8100	Várpalota	0	Kossuth utca 7	+3620-823-7008	info@spar.hu	http://www.spar.hu	20	2015-06-01 17:57:13
145	SPAR Szupermarket	46.9462	17.8754	1	280	Veszprém	8230	Balatonfüred	0	Széchenyi út 47	+3620-823-7868	info@spar.hu	http://www.spar.hu	104	2015-10-15 16:06:55
146	SPAR Szupermarket	46.9803	17.2904	1	281	Veszprém	8330	Sümeg	0	84-es főút -	+3620-823-7869	info@spar.hu	http://www.spar.hu	110	2015-03-19 13:11:57
147	SPAR Szupermarket	47.1321	17.7505	1	282	Veszprém	8440	Herend	0	Vasút utca 1/c	+3620-823-7870	info@spar.hu	http://www.spar.hu	65	2015-03-19 13:11:57
148	SPAR Szupermarket	47.3316	17.4691	1	283	Veszprém	8500	Pápa	0	Szabadság utca 1/b	+3620-823-7871	info@spar.hu	http://www.spar.hu	48	2015-03-19 13:11:57
149	SPAR Szupermarket	47.6448	18.3155	1	306	Komárom-Esztergom	2890	Tata	0	Rákóczi utca 9	+3620-823-7306	info@spar.hu	http://www.spar.hu	0	2015-06-01 17:57:48
150	SPAR Szupermarket	47.5838	18.4011	1	307	Komárom-Esztergom	2800	Tatabánya	0	Béla király körtér 67	+3620-823-7307	info@spar.hu	http://www.spar.hu	1	2015-06-01 18:00:05
151	SPAR Szupermarket	47.5839	18.388	1	308	Komárom-Esztergom	2800	Tatabánya	0	Vadász út 28	+3620-823-7308	info@spar.hu	http://www.spar.hu	0	2015-03-20 10:32:09
152	SPAR Szupermarket	47.5765	18.4037	1	310	Komárom-Esztergom	2800	Tatabánya	0	Köztársaság útja 44	+3620-823-7310	info@spar.hu	http://www.spar.hu	6	2015-03-19 13:11:57
153	SPAR Szupermarket	47.7465	18.1098	1	311	Komárom-Esztergom	2900	Komárom	0	Klapka György utca 69	+3620-823-7611	info@spar.hu	http://www.spar.hu	75	2015-03-19 13:11:57
154	SPAR Szupermarket	47.4848	18.3107	1	314	Komárom-Esztergom	2840	Oroszlány	0	Táncsics Mihály utca 1/a	+3620-823-7314	info@spar.hu	http://www.spar.hu	95	2015-03-19 13:11:57
155	SPAR Szupermarket	47.7414	18.1185	1	315	Komárom-Esztergom	2900	Komárom	0	Igmándi út 41	+3620-823-7315	info@spar.hu	http://www.spar.hu	20	2015-03-19 13:11:57
156	SPAR Szupermarket	47.4913	18.3161	1	316	Komárom-Esztergom	2840	Oroszlány	0	Népekbarátsága utca 35	+3620-823-7316	info@spar.hu	http://www.spar.hu	0	2015-06-01 18:00:24
157	SPAR Szupermarket	47.6497	18.327	1	317	Komárom-Esztergom	2890	Tata	0	Ady Endre utca 20	+3620-823-7317	info@spar.hu	http://www.spar.hu	5	2015-03-19 13:11:57
158	SPAR Szupermarket	47.573	18.4046	1	318	Komárom-Esztergom	2800	Tatabánya II	0	Sárberki lakótelep 203/a	+3620-823-7318	info@spar.hu	http://www.spar.hu	57	2015-06-01 18:00:43
159	SPAR Szupermarket	47.5899	18.3681	1	319	Komárom-Esztergom	2800	Tatabánya VI	0	Szt. György utca 48	+3620-823-7319	info@spar.hu	http://www.spar.hu	24	2015-03-19 13:11:57
160	SPAR Szupermarket	47.7292	18.7314	1	320	Komárom-Esztergom	2510	Dorog	0	Bányász körönd -	+3620-823-7287	info@spar.hu	http://www.spar.hu	104	2015-03-19 13:11:57
161	SPAR Szupermarket	47.5617	18.4191	1	321	Komárom-Esztergom	2800	Tatabánya	0	Gál lakótelep 301	+3620-823-7321	info@spar.hu	http://www.spar.hu	24	2015-03-19 13:11:57
162	SPAR Szupermarket	47.5602	18.4117	1	322	Komárom-Esztergom	2800	Tatabánya	0	Szent Borbála út 33/1. (Ságvári Endre út 45.)	+3620-823-7492	info@spar.hu	http://www.spar.hu	291	2015-10-12 14:46:17
163	SPAR Szupermarket	47.5028	18.026	1	323	Komárom-Esztergom	2870	Kisbér	0	Kossuth utca 4/6	+3620-823-7323	info@spar.hu	http://www.spar.hu	21	2015-06-01 18:01:04
164	SPAR Szupermarket	47.7482	18.7307	1	360	Komárom-Esztergom	2500	Esztergom	0	Damjanich út 2	+3620-823-7872	info@spar.hu	http://www.spar.hu	1	2015-03-19 13:11:57
165	SPAR Szupermarket	47.7593	18.5649	1	361	Komárom-Esztergom	2536	Nyergesújfalu	0	Kossuth utca 181	+3620-823-7873	info@spar.hu	http://www.spar.hu	40	2015-03-19 13:11:57
166	SPAR Szupermarket	47.5776	18.3881	1	362	Komárom-Esztergom	2800	Tatabánya	0	Dózsa utca 28	+3620-823-7874	info@spar.hu	http://www.spar.hu	18	2015-03-19 13:11:57
167	SPAR Szupermarket	47.5845	18.3986	1	364	Komárom-Esztergom	2800	Tatabánya	0	Fő tér 10	+3620-823-7876	info@spar.hu	http://www.spar.hu	0	2015-06-01 18:01:46
168	SPAR Szupermarket	47.6451	18.3156	1	365	Komárom-Esztergom	2890	Tata	0	Május 1. út -	+3620-823-7086	info@spar.hu	http://www.spar.hu	35	2015-03-19 13:11:57
169	SPAR Szupermarket	47.5926	17.027	1	403	Győr-Moson-Sopron	9330	Kapuvár	0	Fő tér 2/2	+3620-823-7403	info@spar.hu	http://www.spar.hu	19	2015-06-01 18:02:31
170	SPAR Szupermarket	47.6777	16.5886	1	404	Győr-Moson-Sopron	9400	Sopron	0	Arany János utca 16	+3620-823-7404	info@spar.hu	http://www.spar.hu	37	2015-06-01 18:03:04
171	SPAR Szupermarket	46.578	17.4081	1	405	Somogy	8700	Marcali	0	Szigetvári utca 3	+3620-823-7405	info@spar.hu	http://www.spar.hu	45	2015-06-01 18:03:51
172	SPAR Szupermarket	47.5896	16.8904	1	406	Győr-Moson-Sopron	9443	Petőháza	0	Spar út 1	+3620-823-7493	info@spar.hu	http://www.spar.hu	122	2015-03-19 13:11:57
173	SPAR Szupermarket	47.8724	17.2685	1	407	Győr-Moson-Sopron	9200	Mosonmagyaróvár	0	Régi Vámház tér 5	+3620-823-8884	info@spar.hu	http://www.spar.hu	0	2015-03-19 13:11:57
174	SPAR Szupermarket	47.61	17.2483	1	424	Győr-Moson-Sopron	9300	Csorna	0	Erzsébet királyné utca 5	+3620-823-7424	info@spar.hu	http://www.spar.hu	19	2015-03-19 13:11:57
175	SPAR Szupermarket	47.6609	17.6357	1	460	Győr-Moson-Sopron	9024	Győr	0	Pátzay Pál utca -	+3620-823-7089	info@spar.hu	http://www.spar.hu	57	2015-03-19 13:11:57
176	SPAR Szupermarket	47.8604	17.2773	1	461	Győr-Moson-Sopron	9200	Mosonmagyaróvár	0	Aranyossziget utca 1	+3620-823-7081	info@spar.hu	http://www.spar.hu	75	2015-03-19 13:11:57
177	SPAR Szupermarket	47.6114	17.2502	1	462	Győr-Moson-Sopron	9300	Csorna	0	Mártírok tere 1	+3620-823-7079	info@spar.hu	http://www.spar.hu	20	2015-06-01 18:04:55
178	SPAR Szupermarket	47.5917	17.0378	1	463	Győr-Moson-Sopron	9330	Kapuvár	0	Győri út -	+3620-823-7710	info@spar.hu	http://www.spar.hu	72	2015-03-19 13:11:57
179	SPAR Szupermarket	47.6874	16.5856	1	464	Győr-Moson-Sopron	9400	Sopron	0	Csarnok utca 10	+3620-823-8707	info@spar.hu	http://www.spar.hu	3	2015-06-01 18:05:20
180	SPAR Szupermarket	47.6909	16.5765	1	465	Győr-Moson-Sopron	9400	Sopron	0	Kodály tér 18	+3620-823-7877	info@spar.hu	http://www.spar.hu	10	2015-03-19 13:11:57
181	SPAR Szupermarket	47.688	17.6459	1	466	Győr-Moson-Sopron	9023	Győr	0	Fehérvári út 20	+3620-823-7878	info@spar.hu	http://www.spar.hu	67	2015-03-20 10:32:56
182	SPAR Szupermarket	46.0678	18.2014	1	500	Baranya	7633	Pécs	0	Gosztonyi Gyula utca 2	+3620-823-7500	info@spar.hu	http://www.spar.hu	65	2015-03-19 13:11:57
183	SPAR Szupermarket	46.0759	18.2085	1	501	Baranya	7624	Pécs	0	Ifjúság útja 11	+3620-823-7501	info@spar.hu	http://www.spar.hu	0	2015-03-19 13:11:57
184	SPAR Szupermarket	46.0452	18.2202	1	502	Baranya	7632	Pécs	0	Éva u. 17	+3620-823-7502	info@spar.hu	http://www.spar.hu	7	2015-09-28 09:53:51
186	SPAR Szupermarket	45.851	18.2347	1	504	Baranya	7815	Harkány	0	Kossuth Lajos utca 20-21	+3620-823-7504	info@spar.hu	http://www.spar.hu	31	2015-06-02 16:02:02
187	SPAR Szupermarket	46.0769	18.213	1	505	Baranya	7624	Pécs	0	Alkotmány utca 48.	+3620-823-7505	info@spar.hu	http://www.spar.hu	12	2015-09-28 11:15:23
188	SPAR Szupermarket	45.856	18.2935	1	506	Baranya	7800	Siklós	0	Szt. István tér 9	+3620-823-7506	info@spar.hu	http://www.spar.hu	98	2015-06-01 18:07:27
189	SPAR Szupermarket	45.9911	18.6699	1	509	Baranya	7700	Mohács	0	Horváth Kázmér utca 3/5	+3620-823-7509	info@spar.hu	http://www.spar.hu	15	2015-06-01 18:07:52
190	SPAR Szupermarket	46.0673	18.1883	1	510	Baranya	7633	Pécs	0	Pollack Mihály utca 19.	+3620-823-7510	info@spar.hu	http://www.spar.hu	24	2015-09-28 11:15:44
191	SPAR Szupermarket	46.624	18.8587	1	511	Tolna	7030	Paks	0	Dózsa György utca 51-53	+3620-823-7511	info@spar.hu	http://www.spar.hu	32	2015-03-19 13:11:57
192	SPAR Szupermarket	46.03	18.2224	1	512	Baranya	7636	Pécs	0	Málom-Hegyi utca 2	+3620-823-7512	info@spar.hu	http://www.spar.hu	50	2015-03-19 13:11:57
193	SPAR Szupermarket	46.0415	18.2146	1	513	Baranya	7632	Pécs	0	Lahti út 2/1	+3620-823-7513	info@spar.hu	http://www.spar.hu	34	2015-03-19 13:11:57
194	SPAR Szupermarket	46.0474	17.7968	1	514	Baranya	7900	Szigetvár	0	Széchenyi út 11	+3620-823-7514	info@spar.hu	http://www.spar.hu	48	2015-03-19 13:11:57
195	SPAR Szupermarket	46.0389	18.2228	1	515	Baranya	7632	Pécs	0	Csontváry utca 2	+3620-823-7515	info@spar.hu	http://www.spar.hu	10	2015-09-04 10:52:20
196	SPAR Szupermarket	46.0535	18.2839	1	516	Baranya	7761	Kozármisleny	0	Vadvirág utca 1	+3620-823-7516	info@spar.hu	http://www.spar.hu	95	2015-03-19 13:11:57
197	SPAR Szupermarket	45.9912	18.6939	1	518	Baranya	7700	Mohács	0	Kígyó utca 6	+3620-823-7518	info@spar.hu	http://www.spar.hu	5	2015-03-19 13:11:57
198	SPAR Szupermarket	46.7116	19.8465	1	531	Bács-Kiskun	6100	Kiskunfélegyháza	0	Wesselényi utca 1	+3620-823-7531	info@spar.hu	http://www.spar.hu	1	2015-03-19 13:11:57
199	SPAR Szupermarket	46.5245	18.9764	1	532	Bács-Kiskun	6300	Kalocsa	0	Búzapiac tér 11	+3620-823-7532	info@spar.hu	http://www.spar.hu	18	2015-06-01 18:09:10
200	SPAR Szupermarket	46.1831	18.9538	1	534	Bács-Kiskun	6500	Baja	0	Jelky András tér 4	+3620-823-7534	info@spar.hu	http://www.spar.hu	40	2015-03-19 13:11:57
201	SPAR Szupermarket	46.4935	19.737	1	535	Bács-Kiskun	6120	Kiskunmajsa	0	Csontos Károly utca 8.	+3620-823-7535	info@spar.hu	http://www.spar.hu	51	2015-03-20 10:35:13
202	SPAR Szupermarket	46.7224	19.8463	1	536	Bács-Kiskun	6100	Kiskunfélegyháza	0	Dr. Holló Lajos utca 74-76	+3620-823-7536	info@spar.hu	http://www.spar.hu	124	2015-03-20 10:36:06
203	SPAR Szupermarket	46.1947	18.958	1	537	Bács-Kiskun	6500	Baja	0	Bernhart Sándor utca 77	+3620-823-7537	info@spar.hu	http://www.spar.hu	54	2015-06-01 18:08:35
204	SPAR Szupermarket	46.5232	18.983	1	538	Bács-Kiskun	6300	Kalocsa	0	Szent István király út 84	+3620-823-7548	info@spar.hu	http://www.spar.hu	70	2015-03-19 13:11:57
205	SPAR Szupermarket	46.1967	18.2717	1	539	Baranya	7300	Komló	0	Alkotmány utca 45	+3620-823-7539	info@spar.hu	http://www.spar.hu	54	2015-03-19 13:11:57
206	SPAR Szupermarket	46.5264	19.2537	1	540	Bács-Kiskun	6237	Kecel	0	Vasút utca 14	+3620-823-7540	info@spar.hu	http://www.spar.hu	60	2015-03-19 13:11:57
208	SPAR Szupermarket	46.43	19.4802	1	553	Bács-Kiskun	6400	Kiskunhalas	0	Bethlen Gábor tér 1	+3620-823-7553	info@spar.hu	http://www.spar.hu	41	2015-06-01 18:08:11
209	SPAR Szupermarket	46.9192	19.6752	1	560	Bács-Kiskun	6000	Kecskemét	0	Március 15-e utca 5/a	+3620-823-7879	info@spar.hu	http://www.spar.hu	55	2015-03-19 13:11:57
210	SPAR Szupermarket	47.0322	19.5497	1	561	Bács-Kiskun	6050	Lajosmizse	0	Dózsa György út 20-22	+3620-823-7880	info@spar.hu	http://www.spar.hu	64	2015-03-19 13:11:57
211	SPAR Szupermarket	46.7115	19.8534	1	562	Bács-Kiskun	6100	Kiskunfélegyháza	0	Béke tér 3-4	+3620-823-7881	info@spar.hu	http://www.spar.hu	0	2015-03-19 13:11:57
212	SPAR Szupermarket	46.8068	19.0047	1	565	Bács-Kiskun	6320	Solt	0	Kecskeméti út 3/a	+3620-823-7911	info@spar.hu	http://www.spar.hu	69	2015-03-19 13:11:57
213	SPAR Szupermarket	46.4304	19.4745	1	566	Bács-Kiskun	6400	Kiskunhalas	0	Semmelweis tér 30	+3620-823-7912	info@spar.hu	http://www.spar.hu	57	2015-03-19 13:11:57
214	SPAR Szupermarket	46.0447	18.226	1	570	Baranya	7632	Pécs	0	Málomi út 5	+3620-823-7938	info@spar.hu	http://www.spar.hu	80	2015-03-19 13:11:57
215	SPAR Szupermarket	46.0649	18.1985	1	571	Baranya	7633	Pécs	0	Ybl Miklós utca 10	+3620-823-7939	info@spar.hu	http://www.spar.hu	0	2015-03-19 13:11:57
216	SPAR Szupermarket	45.8486	18.2388	1	572	Baranya	7815	Harkány	0	Siklósi utca 2365/2. hrsz.	+3620-823-7940	info@spar.hu	http://www.spar.hu	65	2015-03-20 10:36:44
217	SPAR Szupermarket	46.0484	17.8109	1	573	Baranya	7900	Szigetvár	0	József Attila utca 81/2	+3620-823-7961	info@spar.hu	http://www.spar.hu	98	2015-03-20 10:37:10
218	SPAR Szupermarket	46.0391	17.9923	1	574	Baranya	7940	Szentlőrinc	0	Pécsi utca 21/a	+3620-823-7962	info@spar.hu	http://www.spar.hu	75	2015-03-19 13:11:57
219	SPAR Szupermarket	46.6156	18.8441	1	575	Tolna	7030	Paks	0	Barátság útja 3	+3620-823-7963	info@spar.hu	http://www.spar.hu	31	2015-03-20 10:37:30
220	SPAR Szupermarket	46.3506	18.7022	1	576	Tolna	7100	Szekszárd	0	Széchenyi út 18-20	+3620-823-7964	info@spar.hu	http://www.spar.hu	0	2015-06-01 18:07:54
221	SPAR Szupermarket	46.4226	18.7826	1	577	Tolna	7130	Tolna	0	Deák utca 81	+3620-823-7965	info@spar.hu	http://www.spar.hu	23	2015-06-01 18:07:26
222	SPAR Szupermarket	46.1973	18.7262	1	578	Tolna	7140	Bátaszék	0	Bajai utca 3	+3620-823-7941	info@spar.hu	http://www.spar.hu	89	2015-03-19 13:11:57
223	SPAR Szupermarket	46.4146	20.3203	1	602	Csongrád	6800	Hódmezővásárhely	0	Andrássy út 8	+3620-823-7602	info@spar.hu	http://www.spar.hu	0	2015-03-19 13:11:57
224	SPAR Szupermarket	46.2454	20.159	1	607	Csongrád	6726	Szeged	0	Csanádi utca 7	+3620-823-7607	info@spar.hu	http://www.spar.hu	0	2015-03-19 13:11:57
225	SPAR Szupermarket	46.2677	20.1479	1	608	Csongrád	6724	Szeged	0	Sárosi utca 4	+3620-823-7608	info@spar.hu	http://www.spar.hu	0	2015-03-19 13:11:57
226	SPAR Szupermarket	46.243	20.1395	1	609	Csongrád	6725	Szeged	0	Szentháromság utca 68	+3620-823-7609	info@spar.hu	http://www.spar.hu	1	2015-03-19 13:11:57
227	SPAR Szupermarket	46.2617	20.1712	1	612	Csongrád	6723	Szeged	0	Tápai utca 50	+3620-823-7612	info@spar.hu	http://www.spar.hu	25	2015-03-19 13:11:57
228	SPAR Szupermarket	46.2666	20.1674	1	614	Csongrád	6723	Szeged	0	Csillag tér 6	+3620-823-7614	info@spar.hu	http://www.spar.hu	30	2015-03-19 13:11:57
229	City SPAR	46.253	20.1474	3	615	Csongrád	6720	Szeged	0	Széchenyi tér 15	+3620-823-7615	info@spar.hu	http://www.spar.hu	0	2015-03-19 13:11:57
230	SPAR Szupermarket	46.2574	20.1416	1	616	Csongrád	6724	Szeged	0	Mars tér 1-3	+3620-823-7616	info@spar.hu	http://www.spar.hu	0	2015-03-20 10:38:06
231	SPAR Szupermarket	46.2635	20.164	1	617	Csongrád	6723	Szeged	0	Szilléri sugárút 26-30.	+3620-823-7617	info@spar.hu	http://www.spar.hu	48	2015-03-20 10:38:24
232	SPAR Szupermarket	46.7714	21.1299	1	618	Békés	5630	Békés	0	Szarvasi utca 1	+3620-823-7618	info@spar.hu	http://www.spar.hu	24	2015-03-19 13:11:57
233	SPAR Szupermarket	46.2976	18.5322	1	619	Tolna	7150	Bonyhád	0	Széchenyi tér 5	+3620-823-7619	info@spar.hu	http://www.spar.hu	60	2015-09-04 10:58:40
234	SPAR Szupermarket	47.177	19.8008	1	620	Pest	2700	Cegléd	0	Kossuth Ferenc utca 29	+3620-823-7620	info@spar.hu	http://www.spar.hu	41	2015-03-19 13:11:57
235	SPAR Szupermarket	46.6771	21.0968	1	621	Békés	5600	Békéscsaba	0	Andrássy út 37-43	+3620-823-7621	info@spar.hu	http://www.spar.hu	200	2015-03-19 13:11:57
236	SPAR Szupermarket	47.1777	20.1916	1	622	Jász-Nagykun-Szolnok	5000	Szolnok	0	Ady Endre út 28/a	+3620-823-7622	info@spar.hu	http://www.spar.hu	120	2015-03-19 13:11:57
237	SPAR Szupermarket	47.1806	20.4181	1	623	Jász-Nagykun-Szolnok	5200	Törökszentmiklós	0	Kossuth Lajos utca 98-100	+3620-823-7623	info@spar.hu	http://www.spar.hu	76	2015-03-19 13:11:57
238	SPAR Szupermarket	46.9999	20.6295	1	624	Jász-Nagykun-Szolnok	5400	Mezőtúr	0	Dózsa György utca 2-4.	+3620-823-7624	info@spar.hu	http://www.spar.hu	46	2015-03-20 10:38:43
239	SPAR Szupermarket	46.8239	21.0281	1	625	Békés	5650	Mezőberény	0	Kossuth Lajos tér 2	+3620-823-7625	info@spar.hu	http://www.spar.hu	16	2015-03-19 13:11:57
240	SPAR Szupermarket	46.2192	20.4769	1	626	Csongrád	6900	Makó	0	Csanád vezér tér 31	+3620-823-7626	info@spar.hu	http://www.spar.hu	56	2015-03-19 13:11:57
241	SPAR Szupermarket	47.0155	21.1773	1	627	Békés	5520	Szeghalom	0	Ady Endre utca 10-12.	+3620-823-7627	info@spar.hu	http://www.spar.hu	46	2015-03-20 10:39:05
242	SPAR Szupermarket	47.1873	19.3199	1	631	Pest	2370	Dabas	0	Bartók Béla út 46/A	+3620-823-7631	info@spar.hu	http://www.spar.hu	78	2015-03-20 10:42:30
243	SPAR Szupermarket	46.8602	20.5562	1	632	Békés	5540	Szarvas	0	Szabadság út 47-49	+3620-823-7632	info@spar.hu	http://www.spar.hu	1	2015-03-19 13:11:57
244	SPAR Szupermarket	46.3763	18.1313	1	635	Tolna	7200	Dombóvár	0	Hunyadi tér 23.	+3620-823-7635	info@spar.hu	http://www.spar.hu	42	2015-09-28 11:16:05
245	SPAR Szupermarket	46.6334	18.281	1	637	Tolna	7090	Tamási	0	Garay utca 1-3	+3620-823-7637	info@spar.hu	http://www.spar.hu	56	2015-06-01 18:06:00
246	SPAR Szupermarket	47.8065	20.5615	1	641	Borsod-Abaúj-Zemplén	3400	Mezőkövesd	0	Egri út 1	+3620-823-7641	info@spar.hu	http://www.spar.hu	100	2015-03-19 13:11:57
247	SPAR Szupermarket	46.9313	20.0957	1	643	Bács-Kiskun	6060	Tiszakécske	0	Vízhányó János u. 2/a	+3620-823-7643	info@spar.hu	http://www.spar.hu	80	2015-03-20 10:43:06
248	SPAR Szupermarket	47.018	20.2858	1	644	Jász-Nagykun-Szolnok	5435	Martfű	0	Szolnoki út 146	+3620-823-8622	info@spar.hu	http://www.spar.hu	83	2015-03-19 13:11:57
249	SPAR Szupermarket	47.0375	19.7845	1	645	Pest	2750	Nagykőrös	0	Ceglédi út 14	+3620-823-7253	info@spar.hu	http://www.spar.hu	0	2015-03-19 13:11:57
250	SPAR Szupermarket	46.6813	21.0808	1	660	Békés	5600	Békéscsaba	0	Kazinczy utca 21-23	+3620-823-7942	info@spar.hu	http://www.spar.hu	59	2015-03-19 13:11:57
251	SPAR Szupermarket	46.5584	20.6692	1	661	Békés	5900	Orosháza	0	Széchenyi tér 8	+3620-823-7943	info@spar.hu	http://www.spar.hu	0	2015-06-02 16:16:07
252	SPAR Szupermarket	46.2518	20.1459	1	662	Csongrád	6720	Szeged	0	Kölcsey utca 11	+3620-823-7944	info@spar.hu	http://www.spar.hu	0	2015-06-01 18:05:24
253	SPAR Szupermarket	46.2605	20.1615	1	663	Csongrád	6721	Szeged	0	Római körút 21	+3620-823-7945	info@spar.hu	http://www.spar.hu	34	2015-03-20 10:43:22
255	SPAR Szupermarket	46.4746	19.9743	1	665	Csongrád	6760	Kistelek	0	Ifjúság tér 1/c	+3620-823-7947	info@spar.hu	http://www.spar.hu	61	2015-03-20 10:43:59
256	SPAR Szupermarket	47.1824	20.2056	1	667	Jász-Nagykun-Szolnok	5000	Szolnok	0	Városmajor út 34	+3620-823-7949	info@spar.hu	http://www.spar.hu	15	2015-03-19 13:11:57
257	SPAR Szupermarket	47.1786	20.196	1	668	Jász-Nagykun-Szolnok	5000	Szolnok	0	Boldog Sándor István körút 25/a	+3620-823-7950	info@spar.hu	http://www.spar.hu	0	2015-06-01 18:04:37
259	SPAR Szupermarket	47.1786	20.4088	1	670	Jász-Nagykun-Szolnok	5200	Törökszentmiklós	0	Kossuth Lajos utca 138-142	+3620-823-7952	info@spar.hu	http://www.spar.hu	60	2015-03-19 13:11:57
260	SPAR Szupermarket	47.3195	20.9218	1	671	Jász-Nagykun-Szolnok	5300	Karcag	0	Horváth Ferenc út 2-4	+3620-823-7953	info@spar.hu	http://www.spar.hu	35	2015-03-19 13:11:57
261	SPAR Szupermarket	47.2182	20.7519	1	672	Jász-Nagykun-Szolnok	5310	Kisújszállás	0	Deák Ferenc utca 13-17	+3620-823-7954	info@spar.hu	http://www.spar.hu	0	2015-03-19 13:11:57
262	SPAR Szupermarket	46.6841	21.0855	1	674	Békés	5600	Békéscsaba	0	Szarvasi út 15-17	+3620-823-9501	info@spar.hu	http://www.spar.hu	70	2015-03-19 13:11:57
263	SPAR Szupermarket	46.8377	16.8369	1	702	Zala	8900	Zalaegerszeg	0	Göcseji út 35	+3620-823-7702	info@spar.hu	http://www.spar.hu	22	2015-03-19 13:11:57
264	SPAR Szupermarket	46.9054	18.0515	1	705	Somogy	8600	Siófok	0	Szücs utca 3.	+3620-823-7705	info@spar.hu	http://www.spar.hu	42	2015-09-04 11:01:15
265	SPAR Partner	46.7498	17.5592	4	6970110	Somogy	8640	Fonyód	0	Ady Endre utca 9-11	+3620-823-7706	info@spar.hu	http://www.spar.hu	54	2015-07-13 12:17:13
266	SPAR Szupermarket	46.4585	16.9851	1	707	Zala	8800	Nagykanizsa	0	Kalmár utca 3.	+3620-823-7707	info@spar.hu	http://www.spar.hu	90	2015-09-28 11:16:27
267	SPAR Szupermarket	46.3662	17.7881	1	708	Somogy	7400	Kaposvár	0	Honvéd utca 57.	+3620-823-7708	info@spar.hu	http://www.spar.hu	18	2015-09-28 11:16:48
268	SPAR Szupermarket	45.9612	17.4669	1	709	Somogy	7570	Barcs	0	Erkel Ferenc utca 1/b	+3620-823-7709	info@spar.hu	http://www.spar.hu	155	2015-09-28 09:51:34
269	SPAR Szupermarket	46.2307	17.3613	1	711	Somogy	7500	Nagyatád	0	Korányi Sándor utca 21-23.	+3620-823-7711	info@spar.hu	http://www.spar.hu	61	2015-09-28 11:17:18
270	SPAR Szupermarket	46.3541	17.7925	1	712	Somogy	7400	Kaposvár	0	Petőfi tér 1-3.	+3620-823-7712	info@spar.hu	http://www.spar.hu	100	2015-09-28 11:17:38
271	SPAR Szupermarket	46.6248	16.5459	1	713	Zala	8960	Lenti	0	Kisfaludy utca 4	+3620-823-7713	info@spar.hu	http://www.spar.hu	55	2015-03-19 13:11:57
272	SPAR Szupermarket	46.8614	17.9038	1	714	Somogy	8622	Szántód	0	Siófoki út 3	+3620-823-7714	info@spar.hu	http://www.spar.hu	55	2015-03-19 13:11:57
273	SPAR Szupermarket	46.7877	17.6983	1	715	Somogy	8638	Balatonlelle	0	Rákóczi út 202-204	+3620-823-7715	info@spar.hu	http://www.spar.hu	38	2015-04-30 10:04:34
274	SPAR Szupermarket	46.9052	18.0492	1	760	Somogy	8600	Siófok	0	Fő utca 156-160	+3620-823-7955	info@spar.hu	http://www.spar.hu	0	2015-04-30 10:05:03
275	SPAR Szupermarket	46.776	17.6485	1	761	Somogy	8630	Balatonboglár	0	Dózsa György utca 53-59	+3620-823-7956	info@spar.hu	http://www.spar.hu	85	2015-04-30 10:05:29
276	SPAR Szupermarket	46.5927	17.4062	1	762	Somogy	8700	Marcali	0	Noszlopy Gáspár utca 18	+3620-823-7957	info@spar.hu	http://www.spar.hu	83	2015-03-19 13:11:57
277	SPAR Szupermarket	46.7744	17.252	1	763	Zala	8360	Keszthely	0	Zsidi út 17	+3620-823-7958	info@spar.hu	http://www.spar.hu	31	2015-06-01 18:01:57
278	SPAR Szupermarket	46.7775	17.1778	1	765	Zala	8394	Alsópáhok	0	Hévizi utca 18	+3620-823-7960	info@spar.hu	http://www.spar.hu	82	2015-04-30 10:05:56
279	SPAR Szupermarket	46.4333	16.7231	1	767	Zala	8868	Letenye	0	Kossuth Lajos utca 2	+3620-823-7883	info@spar.hu	http://www.spar.hu	79	2015-03-19 13:11:57
280	SPAR Szupermarket	46.8315	16.8272	1	768	Zala	8900	Zalaegerszeg	0	Becsali köz 2-6.	+3620-823-7884	info@spar.hu	http://www.spar.hu	68	2015-09-28 11:18:00
281	SPAR Szupermarket	46.8477	16.8465	1	769	Zala	8900	Zalaegerszeg	0	Batthyány Lajos utca 14.	+3620-823-7885	info@spar.hu	http://www.spar.hu	60	2015-09-28 11:18:33
283	SPAR Szupermarket	47.8887	20.3859	1	802	Heves	3300	Eger	0	Sas utca 1	+3620-823-7802	info@spar.hu	http://www.spar.hu	91	2015-03-19 13:11:57
284	SPAR Szupermarket	47.931	21.0337	1	803	Borsod-Abaúj-Zemplén	3580	Tiszaújváros	0	Szent István út 29/a	+3620-823-7803	info@spar.hu	http://www.spar.hu	4	2015-03-20 10:45:33
285	SPAR Szupermarket	47.7886	19.9371	1	804	Heves	3200	Gyöngyös	0	Dobó István utca 5	+3620-823-7804	info@spar.hu	http://www.spar.hu	102	2015-03-19 13:11:57
286	SPAR Szupermarket	48.0849	20.7752	1	805	Borsod-Abaúj-Zemplén	3529	Miskolc	0	Fényi Gyula tér -	+3620-823-7805	info@spar.hu	http://www.spar.hu	28	2015-03-19 13:11:57
287	SPAR Szupermarket	48.1019	19.8053	1	807	Nógrád	3100	Salgótarján	0	Bem utca 14-16	+3620-823-7807	info@spar.hu	http://www.spar.hu	96	2015-03-20 10:45:55
288	SPAR Szupermarket	48.1602	21.2069	1	808	Borsod-Abaúj-Zemplén	3900	Szerencs	0	Gyár út 2	+3620-823-7808	info@spar.hu	http://www.spar.hu	35	2015-03-20 10:46:09
289	SPAR Szupermarket	48.2466	20.6165	1	809	Borsod-Abaúj-Zemplén	3700	Kazincbarcika	0	Egressy Béni út 1/a	+3620-823-7809	info@spar.hu	http://www.spar.hu	96	2015-03-19 13:11:57
290	SPAR Szupermarket	48.0821	19.2976	1	810	Nógrád	2660	Balassagyarmat	0	Mikszáth Kálmán utca 14	+3620-823-7810	info@spar.hu	http://www.spar.hu	40	2015-03-19 13:11:57
291	SPAR Szupermarket	47.6213	20.746	1	811	Jász-Nagykun-Szolnok	5350	Tiszafüred	0	Ady Endre utca 14	+3620-823-7811	info@spar.hu	http://www.spar.hu	44	2015-03-19 13:11:57
292	SPAR Szupermarket	47.9329	21.0469	1	812	Borsod-Abaúj-Zemplén	3580	Tiszaújváros	0	Lévai József utca 2	+3620-823-7812	info@spar.hu	http://www.spar.hu	80	2015-03-19 13:11:57
293	SPAR Szupermarket	48.1305	19.813	1	814	Nógrád	3100	Salgótarján	0	Füleki út 203	+3620-823-7814	info@spar.hu	http://www.spar.hu	130	2015-03-19 13:11:57
294	SPAR Szupermarket	47.5931	20.2816	1	817	Heves	3360	Heves	0	Fő út 48	+3620-823-7817	info@spar.hu	http://www.spar.hu	70	2015-03-20 10:46:26
295	SPAR Szupermarket	48.2521	20.6292	1	820	Borsod-Abaúj-Zemplén	3700	Kazincbarcika	0	Mátyás király út 58	+3620-823-8180	info@spar.hu	http://www.spar.hu	71	2015-06-01 17:58:56
296	SPAR Szupermarket	47.8128	20.5798	1	860	Borsod-Abaúj-Zemplén	3400	Mezőkövesd	0	Mátyás király út 199	+3620-823-7886	info@spar.hu	http://www.spar.hu	30	2015-06-01 17:58:18
297	SPAR Szupermarket	48.0874	20.7738	1	861	Borsod-Abaúj-Zemplén	3524	Miskolc	0	Klapka György utca 9-11	+3620-823-7887	info@spar.hu	http://www.spar.hu	0	2015-03-19 13:11:57
298	SPAR Szupermarket	48.1028	20.781	1	862	Borsod-Abaúj-Zemplén	3525	Miskolc	0	Széchenyi István út 7	+3620-823-7888	info@spar.hu	http://www.spar.hu	0	2015-03-19 13:11:57
299	SPAR Szupermarket	48.0994	20.7929	1	863	Borsod-Abaúj-Zemplén	3530	Miskolc	0	Király utca 7/a	+3620-823-7889	info@spar.hu	http://www.spar.hu	51	2015-03-19 13:11:57
300	SPAR Szupermarket	48.1021	20.7314	1	864	Borsod-Abaúj-Zemplén	3532	Miskolc	0	Újgyőri főtér 32	+3620-823-7890	info@spar.hu	http://www.spar.hu	0	2015-03-19 13:11:57
301	SPAR Szupermarket	48.2163	20.7215	1	866	Borsod-Abaúj-Zemplén	3770	Sajószentpéter	0	Kossuth Lajos út 96	+3620-823-7892	info@spar.hu	http://www.spar.hu	84	2015-03-19 13:11:57
302	SPAR Szupermarket	47.6668	19.6878	1	868	Heves	3000	Hatvan	0	Nádasdy Tamás utca 2	+3620-823-7894	info@spar.hu	http://www.spar.hu	20	2015-03-19 13:11:57
303	SPAR Szupermarket	47.7784	19.9225	1	869	Heves	3200	Gyöngyös	0	Jókai Mór utca 57	+3620-823-7895	info@spar.hu	http://www.spar.hu	30	2015-03-19 13:11:57
304	SPAR Szupermarket	47.9015	20.3704	1	870	Heves	3300	Eger	0	Barkóczy utca 6	+3620-823-7896	info@spar.hu	http://www.spar.hu	0	2015-03-19 13:11:57
305	SPAR Szupermarket	47.7411	20.4101	1	871	Heves	3390	Füzesabony	0	Hunyadi János út hrsz.2869/27	+3620-823-7897	info@spar.hu	http://www.spar.hu	81	2015-03-20 10:47:49
306	SPAR Szupermarket	47.9205	19.7004	1	873	Nógrád	3060	Pásztó	0	Fő utca 83-87	+3620-823-7899	info@spar.hu	http://www.spar.hu	80	2015-03-19 13:11:57
307	SPAR Szupermarket	48.1069	19.8097	1	874	Nógrád	3100	Salgótarján	0	Arany János út 1	+3620-823-7900	info@spar.hu	http://www.spar.hu	0	2015-03-19 13:11:57
308	SPAR Szupermarket	48.0756	19.7851	1	875	Nógrád	3100	Salgótarján	0	Budapesti út 57	+3620-823-7908	info@spar.hu	http://www.spar.hu	72	2015-10-12 13:42:02
309	SPAR Szupermarket	48.0813	19.5147	1	876	Nógrád	3170	Szécsény	0	Rákóczi út 112.	+3620-823-7986	info@spar.hu	http://www.spar.hu	57	2015-03-20 10:48:18
310	SPAR Szupermarket	47.5477	21.6107	1	901	Hajdú-Bihar	4032	Debrecen	0	Ötvenhatosok tere 6/a	+3620-823-7901	info@spar.hu	http://www.spar.hu	2	2015-03-20 10:48:34
311	SPAR Szupermarket	47.5989	21.5744	1	903	Hajdú-Bihar	4225	Debrecen/Józsa	0	Szentgyörgyfalvi út -	+3620-823-7903	info@spar.hu	http://www.spar.hu	80	2015-03-19 13:11:57
312	SPAR Szupermarket	47.9537	22.3267	1	904	Szabolcs-Szatmár-Bereg	4700	Mátészalka	0	Szalkai László utca 4	+3620-823-7904	info@spar.hu	http://www.spar.hu	78	2015-03-19 13:11:57
314	SPAR Szupermarket	48.1263	22.3186	1	906	Szabolcs-Szatmár-Bereg	4800	Vásárosnamény	0	Jókai út 8-12	+3620-823-7906	info@spar.hu	http://www.spar.hu	53	2015-03-19 13:11:57
315	SPAR Szupermarket	47.8331	22.1308	1	907	Szabolcs-Szatmár-Bereg	4300	Nyírbátor	0	Eduárd utca 13	+3620-823-7907	info@spar.hu	http://www.spar.hu	108	2015-06-01 17:57:48
316	SPAR Szupermarket	47.9584	21.7178	1	914	Szabolcs-Szatmár-Bereg	4400	Nyíregyháza (Korzó)	0	Nagy Imre tér 1	+3620-823-7914	info@spar.hu	http://www.spar.hu	500	2015-03-19 13:11:57
317	SPAR Szupermarket	47.4382	21.4087	1	915	Hajdú-Bihar	4200	Hajdúszoboszló	0	Hőforrás-Rákóczi utca 4711/31 hrsz.	+3620-823-7580	info@spar.hu	http://www.spar.hu	0	2015-03-20 10:49:33
318	SPAR Szupermarket	47.5326	21.6289	1	916	Hajdú-Bihar	4024	Debrecen (Fórum)	0	Csapó utca 30	+3620-823-8071	info@spar.hu	http://www.spar.hu	600	2015-09-04 11:07:41
319	SPAR Szupermarket	47.8158	21.7009	1	917	Szabolcs-Szatmár-Bereg	4244	Újfehértó	0	Gyár utca 1	+3620-823-8678	info@spar.hu	http://www.spar.hu	87	2015-03-19 13:11:57
320	SPAR Szupermarket	47.5033	21.6311	1	918	Hajdú-Bihar	4030	Debrecen	0	Somlyai utca 3	+3620-823-7507	info@spar.hu	http://www.spar.hu	0	2015-03-19 13:11:57
321	SPAR Szupermarket	47.5463	21.6222	1	960	Hajdú-Bihar	4032	Debrecen	0	Nagy Lajos király tér 1-3	+3620-823-7987	info@spar.hu	http://www.spar.hu	0	2015-10-19 08:20:11
322	SPAR Szupermarket	47.2147	21.5359	1	962	Hajdú-Bihar	4100	Berettyóújfalu	0	Dózsa György utca 66	+3620-823-7989	info@spar.hu	http://www.spar.hu	85	2015-03-19 13:11:57
324	SPAR Szupermarket	47.4462	21.3908	1	964	Hajdú-Bihar	4200	Hajdúszoboszló	0	Halasi Fekete Péter tér 2	+3620-823-8051	info@spar.hu	http://www.spar.hu	30	2015-03-19 13:11:57
325	SPAR Szupermarket	47.663	21.5157	1	965	Hajdú-Bihar	4220	Hajdúböszörmény	0	Bánság tér 1/a	+3620-823-8052	info@spar.hu	http://www.spar.hu	60	2015-03-19 13:11:57
326	SPAR Szupermarket	47.9574	21.7265	1	966	Szabolcs-Szatmár-Bereg	4400	Nyíregyháza	0	Tiszavasvári út 95	+3620-823-8053	info@spar.hu	http://www.spar.hu	84	2015-03-19 13:11:57
327	INTERSPAR Hipermarket	47.6862	17.6496	2	5010	Győr-Moson-Sopron	9023	Győr	0	Fehérvári út 3	+3620-823-8016	info@spar.hu	http://www.spar.hu	440	2015-03-19 13:11:57
328	INTERSPAR Hipermarket	47.463	19.1304	2	5020	Pest	1191	Budapest	19	Üllői utca 201	+3620-823-8026	info@spar.hu	http://www.spar.hu	1000	2015-03-19 13:11:57
329	INTERSPAR Hipermarket	47.6453	19.0659	2	5030	Pest	2000	Szentendre	0	Dobogókői út 4	+3620-823-8036	info@spar.hu	http://www.spar.hu	340	2015-03-19 13:11:57
330	INTERSPAR Hipermarket	47.1918	18.4243	2	5040	Fejér	8000	Székesfehérvár	0	Budai út 41	+3620-823-8046	info@spar.hu	http://www.spar.hu	700	2015-03-19 13:11:57
331	INTERSPAR Hipermarket	46.8469	16.8331	2	5050	Zala	8900	Zalaegerszeg	0	Ola utca 1	+3620-823-8056	info@spar.hu	http://www.spar.hu	349	2015-03-19 13:11:57
332	INTERSPAR Hipermarket	47.5422	21.619	2	5060	Hajdú-Bihar	4032	Debrecen	0	Füredi út 27	+3620-823-8066	info@spar.hu	http://www.spar.hu	610	2015-03-19 13:11:57
333	INTERSPAR Hipermarket	47.4394	19.1007	2	5070	Pest	1201	Budapest	20	Széchenyi utca 1	+3620-823-8076	info@spar.hu	http://www.spar.hu	293	2015-03-20 10:50:12
334	INTERSPAR Hipermarket	47.2169	16.632	2	5080	Vas	9700	Szombathely	0	Újvilág utca -	+3620-823-8086	info@spar.hu	http://www.spar.hu	485	2015-03-19 13:11:57
335	INTERSPAR Hipermarket	46.0557	18.2311	2	5090	Baranya	7632	Pécs	0	Siklósi út 37	+3620-823-8096	info@spar.hu	http://www.spar.hu	650	2015-03-19 13:11:57
336	INTERSPAR Hipermarket	47.9559	21.728	2	5110	Szabolcs-Szatmár-Bereg	4400	Nyíregyháza	0	László utca 8	+3620-823-8116	info@spar.hu	http://www.spar.hu	260	2015-03-19 13:11:57
337	INTERSPAR Hipermarket	48.103	20.792	2	5120	Borsod-Abaúj-Zemplén	3524	Miskolc	0	Bajcsy-Zsilinszky út 2-4	+3620-823-8126	info@spar.hu	http://www.spar.hu	340	2015-03-20 10:50:30
338	INTERSPAR Hipermarket	47.5909	18.391	2	5130	Komárom-Esztergom	2800	Tatabánya	0	Győri út 25	+3620-823-8136	info@spar.hu	http://www.spar.hu	441	2015-03-19 13:11:57
339	INTERSPAR Hipermarket	47.1805	20.1811	2	5140	Jász-Nagykun-Szolnok	5000	Szolnok	0	Mátyás király út 29	+3620-823-8147	info@spar.hu	http://www.spar.hu	446	2015-03-19 13:11:57
340	INTERSPAR Hipermarket	47.0846	17.9253	2	5160	Veszprém	8200	Veszprém	0	Dornyai Béla utca 4	+3620-823-8166	info@spar.hu	http://www.spar.hu	482	2015-03-19 13:11:57
341	INTERSPAR Hipermarket	46.9609	18.9195	2	5170	Fejér	2400	Dunaújváros	0	Béke körút -	+3620-823-8176	info@spar.hu	http://www.spar.hu	461	2015-03-19 13:11:57
342	INTERSPAR Hipermarket	47.5465	19.0289	2	5180	Pest	1032	Budapest	3	Bécsi út 154	+3620-823-8186	info@spar.hu	http://www.spar.hu	1000	2015-03-19 13:11:57
343	INTERSPAR Hipermarket	47.5035	19.1412	2	5190	Pest	1106	Budapest	10	Kerepesi út 61	+3620-823-8196	info@spar.hu	http://www.spar.hu	1350	2015-03-19 13:11:57
344	INTERSPAR Hipermarket	46.0716	18.2298	2	5210	Baranya	7632	Pécs	0	Bajcsy-Zsilinszky utca 11	+3620-823-8216	info@spar.hu	http://www.spar.hu	860	2015-03-20 10:50:47
345	INTERSPAR Hipermarket	47.4703	19.156	2	5220	Pest	1103	Budapest	10	Sibrik Miklós út 30	+3620-823-8226	info@spar.hu	http://www.spar.hu	343	2015-03-19 13:11:57
346	INTERSPAR Hipermarket	47.6893	16.5838	2	5240	Győr-Moson-Sopron	9400	Sopron	0	Selmeci utca 15-17	+3620-823-8246	info@spar.hu	http://www.spar.hu	244	2015-03-19 13:11:57
347	INTERSPAR Hipermarket	46.7737	17.2669	2	5250	Zala	8360	Keszthely	0	Tapolcai út 37	+3620-823-8256	info@spar.hu	http://www.spar.hu	482	2015-03-19 13:11:57
348	INTERSPAR Hipermarket	47.689	17.6446	2	5260	Győr-Moson-Sopron	9027	Győr	0	Budai út 1	+3620-823-8266	info@spar.hu	http://www.spar.hu	1200	2015-03-19 13:11:57
349	INTERSPAR Hipermarket	46.6395	21.2622	2	5270	Békés	5700	Gyula	0	Kétegyházi út 1	+3620-823-8276	info@spar.hu	http://www.spar.hu	434	2015-03-19 13:11:57
350	INTERSPAR Hipermarket	47.9723	21.7266	2	5280	Szabolcs-Szatmár-Bereg	4400	Nyíregyháza	0	Korányi Frigyes utca -	+3620-823-8286	info@spar.hu	http://www.spar.hu	400	2015-03-19 13:11:57
351	INTERSPAR Hipermarket	48.2229	20.2803	2	5290	Borsod-Abaúj-Zemplén	3600	Ózd	0	Sárli út 4	+3620-823-8296	info@spar.hu	http://www.spar.hu	402	2015-03-19 13:11:57
352	INTERSPAR Hipermarket	47.3296	17.4578	2	5310	Veszprém	8500	Pápa	0	Celli út 21	+3620-823-8316	info@spar.hu	http://www.spar.hu	509	2015-03-19 13:11:57
353	INTERSPAR Hipermarket	47.4095	18.9555	2	5340	Pest	2049	Diósd	0	Balatoni út 2/a	+3620-823-8346	info@spar.hu	http://www.spar.hu	346	2015-03-19 13:11:57
354	INTERSPAR Hipermarket	46.4104	20.3233	2	5350	Csongrád	6800	Hódmezővásárhely	0	Kaszap utca 20	+3620-823-8356	info@spar.hu	http://www.spar.hu	441	2015-03-19 13:11:57
355	INTERSPAR Hipermarket	46.4568	17.0139	2	5380	Zala	8800	Nagykanizsa	0	Táborhely utca 4	+3620-823-8386	info@spar.hu	http://www.spar.hu	803	2015-03-19 13:11:57
356	INTERSPAR Hipermarket	47.1653	18.4034	2	5410	Fejér	8000	Székesfehérvár	0	Balatoni út 44-46	+3620-823-8684	info@spar.hu	http://www.spar.hu	386	2015-03-19 13:11:57
357	INTERSPAR Hipermarket	47.4754	19.0493	2	5440	Pest	1117	Budapest	11	Október 23-a utca 8-10	+3620-823-8156	info@spar.hu	http://www.spar.hu	1200	2015-03-19 13:11:57
358	SPAR Szupermarket	47.5116	19.0571	1	8251	Pest	1066	Budapest	6	Nyugati tér 1-2	+3620-823-7251	info@spar.hu	http://www.spar.hu	0	2015-03-20 10:51:07
359	SPAR Szupermarket	47.5	19.0644	1	8252	Pest	1072	Budapest	7	Klauzál tér 11	+3620-823-7252	info@spar.hu	http://www.spar.hu	0	2015-10-02 13:06:49
360	SPAR Szupermarket	47.5045	19.1508	1	8254	Pest	1106	Budapest	10	Kerepesi út 73	+3620-823-7254	info@spar.hu	http://www.spar.hu	0	2015-03-19 13:11:57
361	SPAR Szupermarket	47.5667	19.098	1	8255	Pest	1046	Budapest	4	Görgey Artút út 22.	+3620-823-7255	info@spar.hu	http://www.spar.hu	0	2015-03-19 13:11:57
362	SPAR Szupermarket	47.471	19.1108	1	8256	Pest	1091	Budapest	9	Üllői út 147	+3620-823-7256	info@spar.hu	http://www.spar.hu	0	2015-03-20 11:13:25
363	SPAR Szupermarket	47.5288	19.0055	1	8257	Pest	1025	Budapest	2	Törökvész út 87-91	+3620-823-7257	info@spar.hu	http://www.spar.hu	0	2015-03-19 13:11:57
364	SPAR Szupermarket	47.4584	19.1463	1	8258	Pest	1191	Budapest	19	Kossuth tér 4-5	+3620-823-7258	info@spar.hu	http://www.spar.hu	0	2015-03-19 13:11:57
365	SPAR Szupermarket	47.4962	19.0692	1	8259	Pest	1085	Budapest	8	Blaha Lujza tér 1-2.	+3620-823-7259	info@spar.hu	http://www.spar.hu	0	2015-03-20 11:13:45
366	SPAR Szupermarket	47.4236	19.0715	1	8260	Pest	1212	Budapest	21	Görgey Artúr tér 20.	+3620-823-7260	info@spar.hu	http://www.spar.hu	0	2015-03-20 11:14:04
367	SPAR Szupermarket	47.4658	19.0063	1	8261	Pest	1117	Budapest	11	Rétköz utca 3-5	+3620-823-7261	info@spar.hu	http://www.spar.hu	0	2015-03-19 13:11:57
368	SPAR Szupermarket	47.5226	19.0148	1	8262	Pest	1026	Budapest	2	Gábor Áron utca 74-78	+3620-823-7262	info@spar.hu	http://www.spar.hu	230	2015-03-19 13:11:57	8262
369	SPAR Szupermarket	47.506	19.0771	1	8263	Pest	1071	Budapest	7	Dembinszky u. 12. (Damjanich u. 11.)	+3620-823-7263	info@spar.hu	http://www.spar.hu	20	2015-03-23 09:39:01
370	SPAR Szupermarket	47.5376	18.9672	1	8264	Pest	1026	Budapest	2	Hűvösvölgyi út 138	+3620-823-7264	info@spar.hu	http://www.spar.hu	280	2015-03-19 13:11:57
371	SPAR Szupermarket	47.544	19.0294	1	8265	Pest	1032	Budapest	3	Bécsi út 136	+3620-823-7265	info@spar.hu	http://www.spar.hu	160	2015-03-19 13:11:57
372	SPAR Szupermarket	47.6621	19.0759	1	8266	Pest	2000	Szentendre	0	Dunakanyar körút 2	+3620-823-7266	info@spar.hu	http://www.spar.hu	0	2015-03-19 13:11:57
373	SPAR Szupermarket	47.7688	19.1406	1	8267	Pest	2600	Vác	0	Avar utca 6	+3620-823-7267	info@spar.hu	http://www.spar.hu	100	2015-03-19 13:11:57
374	SPAR Szupermarket	48.1031	20.7903	1	8268	Borsod-Abaúj-Zemplén	3525	Miskolc	0	Széchenyi István út 111	+3620-823-7268	info@spar.hu	http://www.spar.hu	0	2015-03-20 11:15:48
375	SPAR Szupermarket	46.9095	19.6935	1	8269	Bács-Kiskun	6000	Kecskemét	0	Nagykőrösi utca 2	+3620-823-7269	info@spar.hu	http://www.spar.hu	0	2015-03-19 13:11:57
376	SPAR Szupermarket	47.1932	18.4136	1	8270	Fejér	8000	Székesfehérvár	0	Rákóczi utca 3-5	+3620-823-7270	info@spar.hu	http://www.spar.hu	0	2015-09-04 11:09:13
377	SPAR Szupermarket	47.6863	17.6331	1	8271	Győr-Moson-Sopron	9021	Győr	0	Arany János utca 16	+3620-823-7271	info@spar.hu	http://www.spar.hu	0	2015-03-20 11:16:12
378	SPAR Szupermarket	48.3346	21.1073	1	818	Borsod-Abaúj-Zemplén	3860	Encs	0	Petőfi út 66	+3620-823-8518	info@spar.hu	http://www.spar.hu	94	2015-03-19 13:11:57
379	SPAR Szupermarket	46.2546	20.1394	1	648	Csongrád	6724	Szeged	0	Londoni körút 3	+3620-823-8963	info@spar.hu	http://www.spar.hu	1350	2015-03-19 13:11:57
380	City SPAR	47.5055	19.0478	3	165	Pest	1054	Budapest	5	Vértanúk tere 1	+3620-823-7855	info@spar.hu	http://www.spar.hu	0	2015-04-29 10:56:06	165
381	City SPAR	47.4958	19.058	3	166	Pest	1052	Budapest	5	Károly körút 22-24	+3620-823-7866	info@spar.hu	http://www.spar.hu	0	2015-04-29 10:56:36	166
382	SPAR Szupermarket	47.4329	19.1792	1	164	Pest	1182	Budapest	18	Cziffra György utca 15/b	+3620-823-7738	info@spar.hu	http://www.spar.hu	0	2015-03-20 10:27:59	164
383	SPAR Szupermarket	47.5065	19.0613	1	169	Pest	1066	Budapest	6	Teréz körút 28	+3620-823-7832, 7833	info@spar.hu	http://www.spar.hu	0	2015-04-29 10:56:51	169
384	City SPAR	47.4815	19.0687	3	168	Pest	1095	Budapest	9	Mester utca 1	+3620-823-7830	info@spar.hu	http://www.spar.hu	0	2015-03-20 10:28:24
385	SPAR Szupermarket	47.5087	19.0272	1	174	Pest	1024	Budapest	2	Lövőház utca 2-6	+3620-823-7864	info@spar.hu	http://www.spar.hu	0	2015-03-19 13:11:57
386	SPAR Szupermarket	47.5113	19.0564	1	172	Pest	1062	Budapest	6	Váci út 1-3	+3620-823-8172	info@spar.hu	http://www.spar.hu	0	2015-03-19 13:11:57
387	SPAR Szupermarket	47.5042	19.1371	1	190	Pest	1148	Budapest	14	Örs vezér tere 24	+3620-823-8636	info@spar.hu	http://www.spar.hu	0	2015-03-19 13:11:57
388	City SPAR	47.5025	19.1369	3	171	Pest	1106	Budapest	10	Örs vezér tere 25	+3620-823-9540	info@spar.hu	http://www.spar.hu	0	2015-03-20 11:16:33
389	SPAR partner	47.378	18.204	4	6920100	Fejér	8060	Mór	0	Wekerle Sándor utca 34-36	+3630-997-1162	info@spar.hu	http://www.spar.hu	0	2015-05-19 11:03:27	6920100
390	SPAR market	47.3691	18.2108	6	6920110	Fejér	8060	Mór	0	Dózsa György utca 23	+3630-311-1566	info@spar.hu	http://www.spar.hu	0	2015-05-19 11:00:35
392	SPAR market	47.0053	17.4542	6	6920300	Veszprém	8454	Nyirád	0	Dózsa György utca 2/A	+3620-823-8885	info@spar.hu	http://www.spar.hu	0	2015-05-19 11:00:51
394	SPAR partner	47.501	19.0613	4	6910100	Pest	1071	Budapest	7	Király utca 35-37	+3620-823-8788	info@spar.hu	http://www.spar.hu	0	2015-05-19 11:03:46	6910100
395	SPAR partner	47.2495	18.8892	4	6920220	Fejér	2451	Ercsi	0	Dózsa György út 45/4	+3620-823-7302	info@spar.hu	http://www.spar.hu	0	2015-05-19 11:03:54
399	SPAR partner	47.2489	18.9032	4	6920210	Fejér	2451	Ercsi	0	Fő utca 2	+3620-823-7530	info@spar.hu	http://www.spar.hu	0	2015-05-19 11:04:03
400	City SPAR	47.4332	19.2621	3	173	Pest	1185	Budapest	18	Liszt Ferenc Nemzetközi Repülőtér, 2B terminál	+3620-823-8430	info@spar.hu	http://www.spar.hu	0	2015-10-26 08:38:47
403	SPAR market	46.9639	18.9304	6	6920500	Fejér	2400	Dunaújváros	0	Esze Tamás út 13	+3630-979-3260	info@spar.hu	http://www.spar.hu	0	2015-05-19 11:01:33
404	SPAR market	47.4819	19.0527	6	6910200	Pest	1111	Budapest	11	Bartók Béla út 14	+3620-823-9633	info@spar.hu	http://www.spar.hu	0	2015-05-19 11:01:50
412	SPAR Szupermarket	46.3565	17.7849	1	717	Somogy	7400	Kaposvár	0	Berzsenyi utca 1-3.	+3620-823-8101	info@spar.hu	http://www.spar.hu	0	2015-03-19 13:11:57
413	SPAR Szupermarket	47.3353	19.0641	1	188	Pest	2335	Taksony	0	Szent István tér 10.	+3620-823-8503	info@spar.hu	http://www.spar.hu	0	2015-03-19 13:11:57
414	City SPAR	47.9023	20.376	3	821	Heves	3300	Eger	0	Dobó István tér 1.	+3620-823-7825	info@spar.hu	http://www.spar.hu	0	2015-03-19 13:11:57
415	SPAR market	47.5188	18.497	6	6930200	Komárom-Esztergom	2067	Szárliget	0	Petőfi Sándor utca 3.	+3620-823-8886	info@spar.hu	http://www.spar.hu	0	2015-10-28 11:23:40
416	SPAR Szupermarket	47.2345	18.6594	1	234	Fejér	2481	Velence	0	Tópart utca 47.	+3620-823-9639	info@spar.hu	http://www.spar.hu	0	2015-06-15 11:09:25
417	SPAR partner	47.4174	19.1308	4	6910330	Pest	1131	Budapest	13	Szent László út 152.	+3620-823-8242	info@spar.hu	http://www.spar.hu	0	2015-05-19 11:04:11
418	SPAR partner	47.7399	18.6539	4	6930100	Komárom-Esztergom	2534	Tát	0	Tátika tér 1.	+3620-823-7016	info@spar.hu	http://www.spar.hu	0	2015-05-19 11:04:26
419	SPAR market	47.5047	19.0586	6	6910300	Pest	1066	Budapest	6	Nagymező utca 25.	+3620-823-8746	info@spar.hu	http://www.spar.hu	0	2015-05-19 11:02:12
420	SPAR partner	47.4955	19.0296	4	6910400	Pest	1016	Budapest	1	Mészáros utca 12.	+3620-823-7561	info@spar.hu	http://www.spar.hu	0	2015-05-19 11:04:34
421	INTERSPAR Hipermarket	46.3434	18.7109	2	5460	Tolna	7100	Szekszárd	0	Tartsay utca 9.	+3620-823-74-97	info@spar.hu	http://www.spar.hu	0	2015-03-19 13:11:57
422	SPAR market	47.4269	18.2249	6	6920120	Fejér	8066	Pusztavám	0	Kossuth u 1.	+3630-997-1162	info@spar.hu	http://www.spar.hu	0	2015-05-19 11:02:22
423	SPAR market	47.4783	19.0744	6	6910210	Pest	1095	Budapest	9	Mester u 48-52.	+3620-823-8243	info@spar.hu	http://www.spar.hu	0	2015-05-19 11:02:31
424	SPAR Szupermarket	47.409	19.0811	1	187	Pest	2310	Szigetszentmiklós	0	Szentmiklósi út 3528/49/A	+3620-823-7246	info@spar.hu	http://www.spar.hu	0	2015-03-19 13:11:57
425	SPAR market	47.6124	19.5867	6	6915200	Pest	2194	Tura	0	Rákóczi Ferenc út 37.	+3620-823-7533	info@spar.hu	http://www.spar.hu/	0	2015-05-19 11:02:41
426	SPAR partner	47.5738	19.104	4	6910310	Pest	1046	Budapest	4	Eperjesi u 2.	+3620 823-9526	info@spar.hu	http://www.spar.hu	0	2015-05-19 11:06:18
429	SPAR partner	47.3717	18.2093	4	6920130	Fejér	8060	Mór	0	Dózsa György út 1.	+3620-823-7918	info@spar.hu	http://www.spar.hu	0	2015-05-19 11:06:26
430	SPAR Szupermarket	47.5155	19.0592	1	189	Pest	1132	Budapest	13	Váci út 34.	+3620-823-7092	info@spar.hu	http://www.spar.hu	0	2015-05-28 16:17:51
431	SPAR express OMV	47.4513	19.0388	7	6717170	Pest	1116	Budapest	11	Fehérvári út 166.	+3620-823-8799	info@spar.hu	http://www.spar.hu	0	2015-10-30 10:52:33
432	SPAR express OMV	47.4358	18.9748	7	6719990	Pest	1027	Budapest	2	Tölgyfa utca 1 - 3.	+3620-823-7088	info@spar.hu	http://www.spar.hu	0	2015-09-04 11:51:47
433	SPAR express OMV	47.4361	19.0845	7	6720360	Pest	1215	Budapest	21	Védgát utca 47.	+3620-823-7930	info@spar.hu	http://www.spar.hu	0	2015-09-04 11:51:54
434	SPAR express OMV	47.5085	19.1019	7	6720740	Pest	1141	Budapest	14	Hungária körút 116.	+3620-823-7936	info@spar.hu	http://www.spar.hu	0	2015-09-04 11:51:07
435	SPAR express OMV	47.5276	19.0755	7	6720730	Pest	1134	Budapest	13	Róbert Károly krt. 64-66.	+3630-597-9645	info@spar.hu	http://www.spar.hu	0	2015-09-04 11:52:21
436	SPAR express OMV	47.5606	19.121	7	6717820	Pest	1152	Budapest	15	Széchenyi tér 1.	+3630-688-2919	info@spar.hu	http://www.spar.hu	0	2015-09-04 11:52:45
437	SPAR express OMV	47.5346	18.9738	7	6717930	Pest	1021	Budapest	2	Hűvösvölgyi út 118.	+3620-823-8675	info@spar.hu	http://www.spar.hu	0	2015-09-04 11:53:07
438	SPAR express OMV	47.5511	19.0446	7	6717200	Pest	1033	Budapest	3	Ladik utca 1.	+3620-823-8676	info@spar.hu	http://www.spar.hu	0	2015-09-04 11:53:24
439	SPAR express OMV	47.4714	19.1075	7	6717140	Pest	1098	Budapest	9	Üllői út 137.	+3620-823-8624	info@spar.hu	http://www.spar.hu	0	2015-09-04 11:53:43
440	SPAR express OMV	47.5328	19.1024	7	6720810	Pest	1142	Budapest	14	Kacsóh Pongrác út 131.	+3620-823-8623	info@spar.hu	http://www.spar.hu	0	2015-09-04 11:54:01
441	SPAR express OMV	47.4841	19.2354	7	6717700	Pest	1173	Budapest	17	Pesti út 18.	+3620-823-9699	info@spar.hu	http://www.spar.hu	0	2015-09-04 11:54:43
442	SPAR express OMV	47.5045	19.1508	7	6717160	Pest	1106	Budapest	10	Kerepesi út 73.	+3620-823-9698	info@spar.hu	http://www.spar.hu	0	2015-09-04 11:55:25
443	SPAR express OMV	47.5515	19.1388	7	6720600	Pest	1152	Budapest	15	Szentmihályi út 131.	+3620-823-9697	info@spar.hu	http://www.spar.hu	0	2015-09-04 11:55:51
444	SPAR express OMV	47.4934	19.0847	7	6719040	Pest	1086	Budapest	8	Teleki tér	+3620-823-9696	info@spar.hu	http://www.spar.hu	0	2015-09-04 11:56:12
445	SPAR express OMV	47.4408	19.1344	7	6720480	Pest	1204	Budapest	20	Nagykőrösi út 185.	+3620-823-8563	info@spar.hu	http://www.spar.hu	0	2015-09-04 11:56:29
446	SPAR express OMV	47.539	19.0699	7	6720530	Pest	1139	Budapest	13	Váci út 95.	+3620-823-8557	info@spar.hu	http://www.spar.hu	0	2015-09-04 11:56:56
447	SPAR express OMV	47.4459	19.1901	7	6719740	Pest	1183	Budapest	18	Haladás utca 39.	+3620-823-8558	info@spar.hu	http://www.spar.hu	0	2015-09-04 11:57:15
448	SPAR express OMV	47.4168	19.2075	7	6720030	Pest	1188	Budapest	18	Alacskai út 1.	+3620-823-8548	info@spar.hu	http://www.spar.hu	0	2015-09-04 11:57:36
449	SPAR express OMV	47.6167	19.1977	7	6719100	Pest	2151	Fót	0	Szabó D. út 2/B	+3620-823-7909	info@spar.hu	http://www.spar.hu	0	2015-09-04 11:57:56
450	SPAR express OMV	47.3796	19.0528	7	6717730	Pest		Szigetszentmiklós	0	M0 19-es km	+3630-949-2381	info@spar.hu	http://www.spar.hu	0	2015-09-04 11:58:20
470	SPAR express OMV	46.7876	17.6993	7	6717040	Somogy	8638	Balatonlelle	0	Rákóczi út 3069 hrsz.	+3685-554-262	info@spar.hu	http://www.spar.hu	0	2015-09-04 11:59:09
471	SPAR express OMV	47.472	19.1091	7	6719070	Pest	1101	Budapest	10	Üllői út 110-112.	+3620-946-2294	info@spar.hu	http://www.spar.hu	0	2015-09-04 11:59:30
472	SPAR express OMV	47.5048	19.1205	7	6720750	Pest	1149	Budapest	14	Fogarasi út 56/a	+3630-949-8388	info@spar.hu	http://www.spar.hu	0	2015-09-04 12:00:07
473	SPAR express OMV	46.9016	18.0485	7	6717070	Somogy	8600	Siófok	0	Vak Bottyán út 1.	+3684-510-715	info@spar.hu	http://www.spar.hu	0	2015-09-04 12:00:45
474	SPAR express OMV	47.3537	19.0971	7	6719860	Pest	2330	Dunaharaszti	0	51. számú - Némedi út sarok	+3630-986-6692	info@spar.hu	http://www.spar.hu	0	2015-09-04 12:01:15
475	SPAR express OMV	47.4147	19.0589	7	6717280	Pest	1214	Budapest	21	Rákóczi Ferenc utca 189.	+3630-688-9268	info@spar.hu	http://www.spar.hu	0	2015-09-04 12:01:37
476	SPAR express OMV	46.9669	18.9363	7	6719090	Fejér	2400	Dunaújváros	0	Aranyvölgyi utca	+3620-448-5285	info@spar.hu	http://www.spar.hu	0	2015-09-04 12:02:35
477	SPAR express OMV	47.3992	19.2483	7	6720970	Pest	2220	Vecsés	0	Gyáli út 20-22.	+3630-456-9283	info@spar.hu	http://www.spar.hu	0	2015-09-04 12:02:59
478	SPAR express OMV	47.4868	19.0242	7	6717090	Pest	1118	Budapest	11	Budaörsi út 1.	+3620-462-2314	info@spar.hu	http://www.spar.hu	0	2015-09-04 12:03:15
479	SPAR express OMV	47.5771	19.0815	7	6719810	Pest	1044	Budapest	4	Váci út 77.	+361-379-5627	info@spar.hu	http://www.spar.hu	0	2015-09-04 12:03:37
480	SPAR express OMV	46.0555	18.2311	7	6720490	Baranya	7622	Pécs	0	Siklósi út 45.	+3672-440-459	info@spar.hu	http://www.spar.hu	0	2015-09-04 12:04:03
481	SPAR partner Debrecen	47.5046	21.6536	4	6990100	Hajdú-Bihar	4030	Debrecen	0	Monostorpályi út 130.	+3630-914-8312	info@spar.hu	http://www.spar.hu	0	2015-07-20 10:15:46
482	SPAR market Rácalmás	47.0247	18.9324	6	6920510	Fejér	2459	Rácalmás	0	Korányi tér 9.	+3620-823-8623	info@spar.hu	http://www.spar.hu	0	2015-09-03 13:46:44
483	SPAR market Mezőfalva	46.9324	18.7806	6	6920600	Fejér	2422	Mezőfalva	0	Semmelweis u. 2.	+3620-823-9699	info@spar.hu	http://www.spar.hu	0	2015-09-03 13:46:45
484	SPAR express OMV	48.0836	20.7841	7	6720300	Borsod-Abaúj-Zemplén	3529	Miskolc	0	Testvérvárosok útja 2/A	+3646-365-365	info@spar.hu	http://www.spar.hu	0	2015-09-04 12:05:38
485	SPAR express OMV	47.8906	20.3794	7	6720510	Heves	3300	Eger	0	Mátyás király utca 2.	+3636-410-117	info@spar.hu	http://www.spar.hu	0	2015-09-04 12:06:49
486	SPAR express OMV	47.5161	21.6058	7	6717240	Hajdú-Bihar	4031	Debrecen	0	István út 137.	+3652-531-136	info@spar.hu	http://www.spar.hu	0	2015-09-04 12:08:03
487	SPAR express OMV	47.9449	21.7254	7	6720230	Szabolcs-Szatmár-Bereg	4400	Nyíregyháza	0	Kert utca 47.	+3642-461-301	info@spar.hu	http://www.spar.hu	0	2015-09-04 12:09:30
488	SPAR market Balatonfenyves	46.717	17.4968	6	6970100	Somogy	8646	Balatonfenyves	0	Kölcsey-Pozsonyi út sarok	+3630-300-0143	info@spar.hu	http://www.spar.hu	0	2015-09-11 08:48:26
489	SPAR express OMV	47.1816	20.1836	7	6717950	Jász-Nagykun-Szolnok	5000	Szolnok	0	Thököly út 51.	+3656-342-766	info@spar.hu	http://www.spar.hu	0	2015-09-28 11:20:01
490	SPAR express OMV	46.2734	20.1579	7	6720340	Csongrád	6723	Szeged	0	Makkosházi krt. 1.	+3662-484-734	info@spar.hu	http://www.spar.hu	0	2015-09-28 11:21:08
491	SPAR express OMV	46.6837	21.0598	7	6720330	Békés	5600	Békéscsaba	0	Szarvasi út 103.	+3666-440-120	info@spar.hu	http://www.spar.hu	0	2015-09-28 11:22:06
492	SPAR express OMV	46.9209	19.6793	7	6719890	Bács-Kiskun	6000	Kecskemét	0	Budai út	+3676-482-243	info@spar.hu	http://www.spar.hu	0	2015-09-28 11:23:48
493	SPAR partner	47.5295	19.0601	4	6910500	Pest	1138	Budapest	13	Párkány utca 10.	+3620-823-7813	info@spar.hu	http://www.spar.hu	0	2015-10-08 09:45:16
494	SPAR market	47.5142	19.0481	6	6910600	Pest	1137	Budapest	13	Jászai Mari tér 5.	+3620-823-8563	info@spar.hu	http://www.spar.hu	0	2015-10-08 09:47:44
495	SPAR express OMV	47.0945	17.9165	7	6717120	Veszprém	8200	Veszprém	0	Budapesti út 12.	+3688-563-400	info@spar.hu	http://www.spar.hu	0	2015-10-30 10:53:08
496	SPAR express OMV	47.1912	18.4225	7	6720630	Fejér	8000	Székesfehérvár	0	Budai út 29.	+3622-310-750	info@spar.hu	http://www.spar.hu	0	2015-10-30 10:51:32		